Timestamp,ESC_0_RPM,ESC_1_RPM,ESC_2_RPM,ESC_3_RPM,ESC_4_RPM,ESC_5_RPM,ESC_6_RPM,ESC_7_RPM
35868000,150,152,150,152,0,0,0,0
35876000,150,152,150,152,0,0,0,0
39032000,518,548,509,557,0,0,0,0
39036000,518,548,509,557,0,0,0,0
39288000,553,585,541,598,0,0,0,0
39532000,586,624,571,640,0,0,0,0
39788000,627,665,605,687,0,0,0,0
40036000,698,732,667,763,0,0,0,0
40284000,760,758,731,799,0,0,0,0
40532000,799,802,797,783,0,0,0,0
40788000,804,804,798,801,0,0,0,0
41036000,800,800,797,800,0,0,0,0
41288000,803,804,802,803,0,0,0,0
41536000,775,775,774,776,0,0,0,0
41788000,777,777,776,777,0,0,0,0
42036000,776,775,775,776,0,0,0,0
42288000,780,780,781,780,0,0,0,0
42536000,777,778,778,778,0,0,0,0
42788000,774,774,774,774,0,0,0,0
43036000,772,771,771,771,0,0,0,0
43284000,777,776,777,776,0,0,0,0
43532000,774,774,774,774,0,0,0,0
43788000,770,770,772,772,0,0,0,0
44036000,767,767,771,770,0,0,0,0
44288000,774,775,775,775,0,0,0,0
44532000,772,774,771,771,0,0,0,0
44788000,771,771,766,766,0,0,0,0
45036000,766,766,764,763,0,0,0,0
45284000,774,774,774,775,0,0,0,0
45532000,770,769,773,773,0,0,0,0
45788000,769,767,770,770,0,0,0,0
46036000,765,766,765,765,0,0,0,0
46288000,776,775,773,772,0,0,0,0
46532000,772,771,769,769,0,0,0,0
46788000,767,768,768,768,0,0,0,0
47036000,764,765,765,766,0,0,0,0
47288000,772,772,774,774,0,0,0,0
47536000,770,770,771,770,0,0,0,0
47788000,768,768,768,768,0,0,0,0
48036000,764,764,764,764,0,0,0,0
48288000,773,773,773,773,0,0,0,0
48532000,771,771,771,771,0,0,0,0
48788000,768,768,767,767,0,0,0,0
49036000,804,805,803,803,0,0,0,0
49284000,852,853,853,853,0,0,0,0
49536000,847,847,848,848,0,0,0,0
49788000,784,783,785,785,0,0,0,0
50036000,750,750,750,750,0,0,0,0
50288000,769,769,767,767,0,0,0,0
50536000,774,774,773,773,0,0,0,0
50788000,776,776,776,777,0,0,0,0
51036000,766,766,769,769,0,0,0,0
51288000,771,770,772,773,0,0,0,0
51532000,771,771,771,770,0,0,0,0
51788000,771,770,770,769,0,0,0,0
52032000,771,770,769,769,0,0,0,0
52288000,771,771,769,769,0,0,0,0
52536000,770,769,770,769,0,0,0,0
52788000,769,768,770,770,0,0,0,0
53036000,769,769,770,771,0,0,0,0
53288000,769,769,770,771,0,0,0,0
53532000,770,771,769,770,0,0,0,0
53788000,772,771,768,769,0,0,0,0
54036000,771,770,770,770,0,0,0,0
54284000,769,769,771,771,0,0,0,0
54532000,769,769,771,771,0,0,0,0
54788000,769,769,770,771,0,0,0,0
55036000,769,769,769,769,0,0,0,0
55284000,769,769,769,769,0,0,0,0
55536000,769,769,769,769,0,0,0,0
55788000,768,768,769,770,0,0,0,0
56036000,768,768,770,770,0,0,0,0
56284000,769,770,769,769,0,0,0,0
56536000,769,769,769,770,0,0,0,0
56788000,768,769,770,769,0,0,0,0
57036000,768,768,769,768,0,0,0,0
57288000,769,769,769,769,0,0,0,0
57532000,769,770,769,769,0,0,0,0
57788000,769,769,768,769,0,0,0,0
58036000,769,769,768,769,0,0,0,0
58288000,769,769,768,769,0,0,0,0
58532000,769,769,768,768,0,0,0,0
58788000,769,769,769,768,0,0,0,0
59036000,769,769,770,768,0,0,0,0
59288000,769,769,768,769,0,0,0,0
59536000,768,768,769,769,0,0,0,0
59788000,768,767,769,769,0,0,0,0
60036000,769,769,770,770,0,0,0,0
60288000,753,753,754,753,0,0,0,0
60532000,742,743,742,743,0,0,0,0
60788000,772,771,771,771,0,0,0,0
61036000,736,736,736,736,0,0,0,0
61288000,721,721,721,721,0,0,0,0
61536000,721,721,720,720,0,0,0,0
61788000,730,730,730,730,0,0,0,0
62036000,732,731,732,732,0,0,0,0
62284000,741,742,742,742,0,0,0,0
62536000,744,744,745,744,0,0,0,0
62788000,745,745,745,745,0,0,0,0
63036000,749,749,749,748,0,0,0,0
63284000,752,752,752,752,0,0,0,0
63536000,755,755,754,754,0,0,0,0
63788000,753,753,752,753,0,0,0,0
64036000,755,755,755,755,0,0,0,0
64288000,768,767,767,767,0,0,0,0
64536000,763,763,763,762,0,0,0,0
64784000,760,760,760,759,0,0,0,0
65036000,795,795,732,718,0,0,0,0
65288000,882,882,641,635,0,0,0,0
65532000,849,855,681,684,0,0,0,0
65788000,811,810,754,755,0,0,0,0
66036000,779,778,783,787,0,0,0,0
66288000,777,787,795,780,0,0,0,0
66532000,779,781,774,771,0,0,0,0
66788000,765,776,774,756,0,0,0,0
67036000,765,779,760,746,0,0,0,0
67284000,765,828,738,765,0,0,0,0
67532000,776,789,746,748,0,0,0,0
67788000,771,786,746,754,0,0,0,0
68036000,775,779,756,757,0,0,0,0
68284000,653,673,853,868,0,0,0,0
68536000,650,671,847,860,0,0,0,0
68788000,712,725,799,811,0,0,0,0
69036000,768,774,761,764,0,0,0,0
69288000,784,805,731,749,0,0,0,0
69532000,791,806,738,748,0,0,0,0
69788000,779,796,748,757,0,0,0,0
70036000,770,777,760,762,0,0,0,0
70288000,753,776,759,776,0,0,0,0
70532000,756,772,767,777,0,0,0,0
70788000,756,773,766,778,0,0,0,0
71036000,760,768,768,770,0,0,0,0
71284000,752,776,756,774,0,0,0,0
71532000,759,777,762,772,0,0,0,0
71788000,761,778,763,773,0,0,0,0
72036000,765,774,767,768,0,0,0,0
72288000,752,776,753,770,0,0,0,0
72536000,756,776,758,770,0,0,0,0
72788000,761,780,764,775,0,0,0,0
73032000,761,779,764,774,0,0,0,0
73288000,757,781,759,776,0,0,0,0
73536000,759,778,762,773,0,0,0,0
73788000,757,775,759,771,0,0,0,0
74036000,761,770,764,765,0,0,0,0
74288000,756,781,759,777,0,0,0,0
74536000,764,782,767,777,0,0,0,0
74788000,759,777,761,772,0,0,0,0
75036000,764,773,766,768,0,0,0,0
75284000,760,784,762,779,0,0,0,0
75532000,762,780,765,775,0,0,0,0
75784000,757,783,760,779,0,0,0,0
76036000,765,774,768,769,0,0,0,0
76284000,756,780,759,776,0,0,0,0
76532000,760,777,762,773,0,0,0,0
76788000,758,776,761,772,0,0,0,0
77036000,765,774,768,770,0,0,0,0
77288000,756,782,760,777,0,0,0,0
77536000,759,778,762,773,0,0,0,0
77788000,758,777,760,771,0,0,0,0
78036000,762,771,764,766,0,0,0,0
78284000,752,775,753,770,0,0,0,0
78536000,757,775,759,771,0,0,0,0
78788000,753,771,756,768,0,0,0,0
79036000,757,766,761,763,0,0,0,0
79284000,757,782,761,778,0,0,0,0
79532000,763,780,765,775,0,0,0,0
79788000,761,779,762,774,0,0,0,0
80036000,766,775,767,769,0,0,0,0
80284000,768,780,763,777,0,0,0,0
80532000,758,785,760,778,0,0,0,0
80788000,762,778,764,775,0,0,0,0
81036000,764,774,767,772,0,0,0,0
81284000,760,775,767,783,0,0,0,0
81536000,761,773,770,775,0,0,0,0
81788000,764,774,769,773,0,0,0,0
82036000,767,774,768,769,0,0,0,0
82288000,769,779,769,775,0,0,0,0
82532000,768,775,770,773,0,0,0,0
82784000,770,778,772,775,0,0,0,0
83036000,771,775,777,777,0,0,0,0
83284000,896,888,666,652,0,0,0,0
83536000,870,880,663,666,0,0,0,0
83788000,830,825,703,735,0,0,0,0
84036000,785,784,761,761,0,0,0,0
84288000,761,782,797,763,0,0,0,0
84532000,770,776,789,785,0,0,0,0
84784000,795,791,787,782,0,0,0,0
85036000,795,790,783,778,0,0,0,0
85284000,791,793,772,759,0,0,0,0
85536000,771,789,768,759,0,0,0,0
85788000,774,785,752,756,0,0,0,0
86036000,764,798,757,748,0,0,0,0
86288000,775,801,743,754,0,0,0,0
86536000,774,787,742,754,0,0,0,0
86788000,702,714,816,830,0,0,0,0
87036000,651,662,868,866,0,0,0,0
87288000,689,708,818,837,0,0,0,0
87532000,744,758,771,783,0,0,0,0
87788000,778,793,741,753,0,0,0,0
88036000,793,800,740,741,0,0,0,0
88288000,781,805,742,758,0,0,0,0
88536000,773,790,756,766,0,0,0,0
88788000,763,780,764,774,0,0,0,0
89036000,758,766,769,770,0,0,0,0
89288000,751,775,763,779,0,0,0,0
89536000,756,774,764,775,0,0,0,0
89788000,759,776,763,773,0,0,0,0
90036000,763,772,765,767,0,0,0,0
90284000,762,786,763,780,0,0,0,0
90532000,758,776,759,770,0,0,0,0
90788000,757,774,758,770,0,0,0,0
91036000,764,772,765,768,0,0,0,0
91288000,756,780,758,775,0,0,0,0
91536000,759,778,762,773,0,0,0,0
91784000,755,781,758,776,0,0,0,0
92036000,762,771,765,766,0,0,0,0
92288000,758,783,760,778,0,0,0,0
92536000,763,781,765,777,0,0,0,0
92788000,761,779,763,775,0,0,0,0
93036000,765,773,767,769,0,0,0,0
93288000,757,782,759,778,0,0,0,0
93536000,757,776,760,771,0,0,0,0
93784000,752,778,754,774,0,0,0,0
94036000,763,772,765,768,0,0,0,0
94288000,757,781,759,777,0,0,0,0
94536000,759,777,761,773,0,0,0,0
94788000,762,780,764,776,0,0,0,0
95036000,767,776,769,772,0,0,0,0
95284000,755,780,758,776,0,0,0,0
95536000,754,773,757,768,0,0,0,0
95788000,755,773,757,768,0,0,0,0
96036000,763,770,764,767,0,0,0,0
96284000,757,781,759,776,0,0,0,0
96532000,758,775,760,771,0,0,0,0
96788000,756,774,759,770,0,0,0,0
97036000,763,772,766,768,0,0,0,0
97288000,757,781,759,777,0,0,0,0
97536000,756,774,758,770,0,0,0,0
97788000,758,776,760,772,0,0,0,0
98032000,761,779,764,775,0,0,0,0
98284000,757,780,759,776,0,0,0,0
98536000,761,778,762,774,0,0,0,0
98784000,757,783,758,778,0,0,0,0
99036000,767,775,769,771,0,0,0,0
99288000,754,779,757,775,0,0,0,0
99536000,756,774,759,770,0,0,0,0
99788000,760,778,762,773,0,0,0,0
100036000,763,772,765,768,0,0,0,0
100288000,756,780,758,776,0,0,0,0
100532000,761,778,763,774,0,0,0,0
100788000,762,779,765,776,0,0,0,0
101032000,761,780,765,775,0,0,0,0
101288000,757,781,758,777,0,0,0,0
101536000,754,771,755,766,0,0,0,0
101788000,758,777,760,771,0,0,0,0
102036000,765,774,767,769,0,0,0,0
102288000,754,779,756,775,0,0,0,0
102536000,758,776,760,772,0,0,0,0
102788000,759,777,762,774,0,0,0,0
103036000,762,771,765,767,0,0,0,0
103284000,754,778,755,774,0,0,0,0
103536000,756,774,758,770,0,0,0,0
103788000,758,776,761,772,0,0,0,0
104036000,765,774,768,771,0,0,0,0
104284000,758,781,761,777,0,0,0,0
104532000,759,776,760,771,0,0,0,0
104788000,759,777,760,771,0,0,0,0
105036000,763,772,764,767,0,0,0,0
105288000,753,777,755,773,0,0,0,0
105536000,757,775,759,770,0,0,0,0
105784000,756,781,758,777,0,0,0,0
106036000,763,772,765,767,0,0,0,0
106288000,756,779,758,774,0,0,0,0
106532000,759,777,762,773,0,0,0,0
106788000,761,778,763,775,0,0,0,0
107036000,764,773,767,769,0,0,0,0
107284000,755,779,757,775,0,0,0,0
107536000,759,777,761,773,0,0,0,0
107788000,760,777,762,773,0,0,0,0
108036000,765,773,767,769,0,0,0,0
108284000,756,781,759,776,0,0,0,0
108536000,760,778,762,774,0,0,0,0
108788000,762,780,764,775,0,0,0,0
109036000,764,772,766,768,0,0,0,0
109288000,755,780,757,775,0,0,0,0
109536000,758,776,759,771,0,0,0,0
109788000,758,776,761,772,0,0,0,0
110036000,766,775,769,771,0,0,0,0
110284000,760,784,762,779,0,0,0,0
110532000,759,775,760,771,0,0,0,0
110788000,753,770,755,767,0,0,0,0
111036000,759,768,762,764,0,0,0,0
111288000,753,778,755,773,0,0,0,0
111536000,758,775,759,771,0,0,0,0
111784000,753,780,756,776,0,0,0,0
112036000,763,772,766,768,0,0,0,0
112288000,757,782,760,777,0,0,0,0
112532000,763,781,766,776,0,0,0,0
112788000,763,781,765,777,0,0,0,0
113036000,763,771,765,767,0,0,0,0
113284000,756,780,758,775,0,0,0,0
113536000,762,780,764,775,0,0,0,0
113788000,760,778,763,774,0,0,0,0
114036000,761,770,763,765,0,0,0,0
114288000,754,779,757,775,0,0,0,0
114532000,760,780,763,775,0,0,0,0
114788000,762,780,763,775,0,0,0,0
115036000,766,774,767,770,0,0,0,0
115284000,757,781,759,777,0,0,0,0
115536000,761,780,764,775,0,0,0,0
115788000,757,774,759,771,0,0,0,0
116036000,758,767,760,762,0,0,0,0
116284000,755,779,757,775,0,0,0,0
116532000,759,776,760,771,0,0,0,0
116788000,760,778,761,773,0,0,0,0
117036000,767,777,769,771,0,0,0,0
117288000,759,783,761,779,0,0,0,0
117536000,757,775,759,771,0,0,0,0
117788000,758,776,760,772,0,0,0,0
118036000,761,770,764,766,0,0,0,0
118288000,757,782,759,778,0,0,0,0
118536000,760,778,762,774,0,0,0,0
118788000,759,778,762,773,0,0,0,0
119036000,766,775,769,770,0,0,0,0
119288000,753,777,755,773,0,0,0,0
119536000,756,773,758,769,0,0,0,0
119788000,756,774,759,769,0,0,0,0
120036000,763,772,765,767,0,0,0,0
120284000,757,782,759,777,0,0,0,0
120536000,759,776,761,771,0,0,0,0
120788000,755,773,757,768,0,0,0,0
121036000,762,770,764,767,0,0,0,0
121288000,755,780,758,775,0,0,0,0
121536000,757,775,759,771,0,0,0,0
121788000,758,776,761,772,0,0,0,0
122036000,766,774,768,771,0,0,0,0
122288000,757,781,760,777,0,0,0,0
122536000,757,775,758,770,0,0,0,0
122788000,758,776,760,771,0,0,0,0
123036000,763,772,765,767,0,0,0,0
123284000,760,783,761,778,0,0,0,0
123532000,762,779,764,775,0,0,0,0
123788000,759,777,762,773,0,0,0,0
124036000,758,767,761,763,0,0,0,0
124288000,753,777,756,773,0,0,0,0
124536000,759,777,760,772,0,0,0,0
124788000,759,777,761,772,0,0,0,0
125036000,765,773,766,768,0,0,0,0
125284000,757,781,759,777,0,0,0,0
125532000,760,778,763,774,0,0,0,0
125788000,760,779,763,775,0,0,0,0
126036000,764,773,767,769,0,0,0,0
126284000,758,783,760,778,0,0,0,0
126536000,762,780,764,776,0,0,0,0
126788000,762,780,764,776,0,0,0,0
127036000,764,772,765,768,0,0,0,0
127284000,756,780,758,776,0,0,0,0
127536000,760,778,762,774,0,0,0,0
127788000,761,779,763,774,0,0,0,0
128032000,756,773,758,769,0,0,0,0
128288000,754,778,757,774,0,0,0,0
128536000,758,776,761,772,0,0,0,0
128788000,762,780,765,776,0,0,0,0
129036000,766,774,767,770,0,0,0,0
129288000,759,783,761,779,0,0,0,0
129532000,760,777,762,772,0,0,0,0
129788000,759,777,761,773,0,0,0,0
130036000,762,770,764,765,0,0,0,0
130288000,753,777,755,773,0,0,0,0
130532000,754,771,756,767,0,0,0,0
130788000,756,774,758,770,0,0,0,0
131036000,763,771,765,767,0,0,0,0
131288000,759,783,760,778,0,0,0,0
131532000,759,777,762,773,0,0,0,0
131788000,757,776,760,772,0,0,0,0
132036000,760,769,763,765,0,0,0,0
132288000,758,783,761,779,0,0,0,0
132536000,761,779,763,775,0,0,0,0
132788000,758,776,759,771,0,0,0,0
133036000,761,769,763,765,0,0,0,0
133288000,755,780,758,775,0,0,0,0
133536000,761,780,764,775,0,0,0,0
133788000,756,774,759,770,0,0,0,0
134036000,761,770,764,766,0,0,0,0
134288000,755,780,758,776,0,0,0,0
134536000,761,780,764,775,0,0,0,0
134788000,763,782,766,777,0,0,0,0
135036000,767,775,769,771,0,0,0,0
135284000,757,781,759,775,0,0,0,0
135532000,757,774,759,769,0,0,0,0
135788000,759,777,759,772,0,0,0,0
136036000,765,773,767,769,0,0,0,0
136288000,754,779,756,774,0,0,0,0
136536000,761,779,762,774,0,0,0,0
136788000,760,778,761,773,0,0,0,0
137036000,764,772,765,768,0,0,0,0
137284000,756,780,759,775,0,0,0,0
137536000,758,776,761,773,0,0,0,0
137788000,757,775,760,771,0,0,0,0
138036000,760,769,763,766,0,0,0,0
138288000,755,780,759,776,0,0,0,0
138536000,760,778,763,775,0,0,0,0
138788000,759,778,764,775,0,0,0,0
139036000,763,772,766,768,0,0,0,0
139288000,761,785,762,780,0,0,0,0
139536000,762,781,763,774,0,0,0,0
139788000,763,782,763,775,0,0,0,0
140036000,765,774,766,768,0,0,0,0
140288000,756,780,758,777,0,0,0,0
140536000,757,776,761,772,0,0,0,0
140788000,755,773,759,769,0,0,0,0
141036000,761,769,763,765,0,0,0,0
141288000,755,780,757,775,0,0,0,0
141536000,760,778,762,773,0,0,0,0
141788000,760,777,762,773,0,0,0,0
142036000,764,772,767,769,0,0,0,0
142288000,757,781,759,777,0,0,0,0
142532000,761,774,767,767,0,0,0,0
142788000,757,780,756,784,0,0,0,0
143036000,762,776,770,775,0,0,0,0
143288000,764,782,769,780,0,0,0,0
143536000,769,782,770,778,0,0,0,0
143788000,764,776,769,776,0,0,0,0
144036000,767,776,774,777,0,0,0,0
144288000,765,781,773,778,0,0,0,0
144532000,776,783,765,771,0,0,0,0
144788000,778,784,760,766,0,0,0,0
145036000,762,778,759,765,0,0,0,0
145288000,664,647,864,869,0,0,0,0
145532000,632,643,876,879,0,0,0,0
145788000,698,707,836,844,0,0,0,0
146036000,748,771,799,782,0,0,0,0
146284000,780,777,764,768,0,0,0,0
146536000,776,794,736,776,0,0,0,0
146788000,773,785,778,777,0,0,0,0
147036000,787,775,791,778,0,0,0,0
147288000,837,857,717,717,0,0,0,0
147536000,871,873,674,672,0,0,0,0
147788000,813,828,709,714,0,0,0,0
148036000,773,771,760,766,0,0,0,0
148284000,720,775,780,806,0,0,0,0
148536000,735,756,793,803,0,0,0,0
148788000,746,764,783,794,0,0,0,0
149036000,759,767,773,774,0,0,0,0
149284000,757,781,756,772,0,0,0,0
149532000,767,785,761,771,0,0,0,0
149788000,763,780,758,766,0,0,0,0
150036000,763,773,761,764,0,0,0,0
150288000,756,781,758,774,0,0,0,0
150536000,760,778,762,773,0,0,0,0
150788000,759,778,763,773,0,0,0,0
151036000,766,776,769,771,0,0,0,0
151288000,759,784,762,780,0,0,0,0
151536000,758,778,762,773,0,0,0,0
151784000,755,783,759,778,0,0,0,0
152036000,765,774,768,768,0,0,0,0
152288000,757,782,758,776,0,0,0,0
152532000,759,776,761,771,0,0,0,0
152788000,757,777,760,771,0,0,0,0
153036000,763,773,766,767,0,0,0,0
153284000,756,781,759,775,0,0,0,0
153536000,756,774,758,769,0,0,0,0
153788000,756,774,759,769,0,0,0,0
154032000,755,771,758,766,0,0,0,0
154288000,752,778,755,773,0,0,0,0
154532000,757,775,759,769,0,0,0,0
154788000,761,780,763,774,0,0,0,0
155036000,769,777,770,773,0,0,0,0
155284000,759,783,761,778,0,0,0,0
155536000,763,780,766,777,0,0,0,0
155788000,758,777,761,773,0,0,0,0
156036000,763,771,765,767,0,0,0,0
156284000,753,778,755,773,0,0,0,0
156532000,760,777,762,773,0,0,0,0
156788000,759,777,762,774,0,0,0,0
157036000,760,769,765,767,0,0,0,0
157288000,756,781,758,776,0,0,0,0
157536000,756,775,759,770,0,0,0,0
157788000,758,775,759,770,0,0,0,0
158036000,763,772,766,768,0,0,0,0
158284000,761,768,765,764,0,0,0,0
158532000,763,781,767,776,0,0,0,0
158788000,765,784,764,778,0,0,0,0
159036000,771,784,773,778,0,0,0,0
159288000,766,782,770,781,0,0,0,0
159536000,763,776,771,778,0,0,0,0
159788000,753,775,761,779,0,0,0,0
160036000,778,756,775,763,0,0,0,0
160288000,763,778,757,768,0,0,0,0
160532000,688,676,840,853,0,0,0,0
160784000,632,650,877,886,0,0,0,0
161036000,692,709,841,841,0,0,0,0
161284000,732,759,796,789,0,0,0,0
161536000,889,897,654,661,0,0,0,0
161788000,875,886,665,657,0,0,0,0
162036000,839,834,728,729,0,0,0,0
162288000,762,777,762,783,0,0,0,0
162532000,727,747,790,796,0,0,0,0
162788000,721,752,784,803,0,0,0,0
163036000,744,757,782,786,0,0,0,0
163288000,750,775,762,779,0,0,0,0
163536000,764,783,760,771,0,0,0,0
163788000,768,786,759,769,0,0,0,0
164036000,770,779,764,764,0,0,0,0
164284000,760,783,757,774,0,0,0,0
164536000,759,778,761,772,0,0,0,0
164788000,755,773,759,769,0,0,0,0
165036000,761,770,766,768,0,0,0,0
165288000,754,779,759,776,0,0,0,0
165532000,763,782,767,777,0,0,0,0
165788000,763,781,766,776,0,0,0,0
166036000,765,775,767,769,0,0,0,0
166288000,759,784,761,778,0,0,0,0
166536000,761,779,762,774,0,0,0,0
166788000,760,779,762,774,0,0,0,0
167036000,762,771,764,767,0,0,0,0
167288000,753,778,756,773,0,0,0,0
167532000,757,774,759,770,0,0,0,0
167788000,756,774,759,769,0,0,0,0
168036000,759,767,761,763,0,0,0,0
168288000,756,780,758,775,0,0,0,0
168536000,761,780,763,774,0,0,0,0
168788000,759,777,762,772,0,0,0,0
169036000,765,773,767,768,0,0,0,0
169288000,758,783,761,779,0,0,0,0
169536000,760,778,763,774,0,0,0,0
169788000,757,775,759,771,0,0,0,0
170036000,763,772,766,767,0,0,0,0
170288000,755,780,758,775,0,0,0,0
170532000,760,777,762,772,0,0,0,0
170788000,759,776,760,772,0,0,0,0
171036000,764,773,767,768,0,0,0,0
171284000,759,783,761,779,0,0,0,0
171532000,759,777,762,772,0,0,0,0
171788000,755,773,758,769,0,0,0,0
172036000,762,770,765,767,0,0,0,0
172288000,757,782,760,777,0,0,0,0
172532000,760,778,763,773,0,0,0,0
172788000,760,777,762,772,0,0,0,0
173036000,765,774,768,769,0,0,0,0
173288000,756,780,758,775,0,0,0,0
173536000,756,774,758,770,0,0,0,0
173788000,756,775,760,770,0,0,0,0
174036000,765,773,767,770,0,0,0,0
174288000,758,782,760,777,0,0,0,0
174536000,763,781,765,777,0,0,0,0
174788000,760,778,762,773,0,0,0,0
175036000,761,770,764,765,0,0,0,0
175288000,756,781,758,776,0,0,0,0
175536000,762,780,764,776,0,0,0,0
175788000,761,780,765,776,0,0,0,0
176036000,762,771,765,766,0,0,0,0
176288000,755,779,757,775,0,0,0,0
176536000,758,776,760,771,0,0,0,0
176788000,759,777,761,772,0,0,0,0
177036000,765,773,768,770,0,0,0,0
177288000,756,781,759,775,0,0,0,0
177536000,759,776,760,772,0,0,0,0
177788000,762,779,764,775,0,0,0,0
178036000,767,775,769,771,0,0,0,0
178288000,756,781,758,776,0,0,0,0
178536000,758,777,760,773,0,0,0,0
178788000,760,777,763,774,0,0,0,0
179036000,764,773,768,769,0,0,0,0
179284000,755,779,759,776,0,0,0,0
179536000,757,775,760,770,0,0,0,0
179788000,756,774,758,768,0,0,0,0
180036000,765,774,766,768,0,0,0,0
180288000,761,786,762,780,0,0,0,0
180532000,762,779,764,774,0,0,0,0
180788000,761,778,763,774,0,0,0,0
181036000,764,773,768,769,0,0,0,0
181288000,754,779,758,775,0,0,0,0
181532000,754,772,757,768,0,0,0,0
181788000,755,774,758,769,0,0,0,0
182036000,763,771,765,767,0,0,0,0
182288000,759,784,761,779,0,0,0,0
182536000,760,779,763,774,0,0,0,0
182788000,758,777,760,771,0,0,0,0
183036000,765,773,767,769,0,0,0,0
183284000,757,781,760,776,0,0,0,0
183536000,760,778,763,774,0,0,0,0
183788000,761,780,764,775,0,0,0,0
184036000,762,770,764,766,0,0,0,0
184288000,754,777,755,772,0,0,0,0
184532000,761,777,763,774,0,0,0,0
184788000,757,775,761,771,0,0,0,0
185036000,763,772,766,767,0,0,0,0
185288000,757,781,758,776,0,0,0,0
185536000,753,772,756,767,0,0,0,0
185788000,757,776,760,771,0,0,0,0
186036000,763,772,765,767,0,0,0,0
186288000,757,782,760,778,0,0,0,0
186532000,760,778,763,773,0,0,0,0
186788000,758,776,761,771,0,0,0,0
187036000,761,770,764,765,0,0,0,0
187284000,755,779,756,774,0,0,0,0
187536000,760,779,763,774,0,0,0,0
187788000,760,779,763,773,0,0,0,0
188036000,765,774,767,769,0,0,0,0
188288000,759,783,760,777,0,0,0,0
188532000,757,774,758,769,0,0,0,0
188788000,756,774,759,770,0,0,0,0
189036000,763,772,767,768,0,0,0,0
189288000,755,780,758,776,0,0,0,0
189536000,753,772,757,767,0,0,0,0
189788000,755,773,757,768,0,0,0,0
190036000,760,768,762,764,0,0,0,0
190288000,756,781,759,777,0,0,0,0
190532000,764,782,767,777,0,0,0,0
190788000,762,781,766,776,0,0,0,0
191036000,766,775,768,770,0,0,0,0
191288000,753,779,757,774,0,0,0,0
191532000,761,778,763,773,0,0,0,0
191788000,760,778,762,773,0,0,0,0
192036000,765,774,767,768,0,0,0,0
192284000,758,782,759,777,0,0,0,0
192532000,761,779,764,774,0,0,0,0
192788000,760,778,763,774,0,0,0,0
193036000,765,774,768,770,0,0,0,0
193284000,754,778,757,774,0,0,0,0
193532000,759,776,761,770,0,0,0,0
193788000,760,777,760,771,0,0,0,0
194036000,763,771,765,766,0,0,0,0
194284000,755,779,756,772,0,0,0,0
194536000,759,776,762,774,0,0,0,0
194788000,756,775,763,774,0,0,0,0
195036000,761,771,772,773,0,0,0,0
195284000,748,773,767,783,0,0,0,0
195532000,648,666,858,879,0,0,0,0
195788000,759,786,755,767,0,0,0,0
196036000,813,829,721,699,0,0,0,0
196284000,798,834,706,728,0,0,0,0
196536000,784,790,731,754,0,0,0,0
196788000,757,776,763,772,0,0,0,0
197036000,753,763,778,780,0,0,0,0
197288000,744,769,770,788,0,0,0,0
197536000,750,769,768,779,0,0,0,0
197788000,751,770,759,771,0,0,0,0
198036000,765,774,765,768,0,0,0,0
198288000,759,784,757,775,0,0,0,0
198536000,758,777,757,768,0,0,0,0
198788000,759,777,760,770,0,0,0,0
199036000,768,777,770,772,0,0,0,0
199288000,758,782,760,778,0,0,0,0
199536000,756,775,759,771,0,0,0,0
199788000,757,776,760,771,0,0,0,0
200036000,763,771,765,767,0,0,0,0
200288000,757,782,759,777,0,0,0,0
200532000,761,779,763,775,0,0,0,0
200784000,757,783,758,779,0,0,0,0
201036000,763,772,765,767,0,0,0,0
201284000,758,783,760,777,0,0,0,0
201536000,763,781,765,777,0,0,0,0
201788000,755,774,758,769,0,0,0,0
202036000,760,769,763,765,0,0,0,0
202288000,756,780,758,777,0,0,0,0
202532000,761,778,763,773,0,0,0,0
202788000,760,779,762,774,0,0,0,0
203036000,763,773,767,768,0,0,0,0
203284000,758,782,761,778,0,0,0,0
203532000,760,777,762,773,0,0,0,0
203788000,758,777,761,772,0,0,0,0
204036000,762,770,764,766,0,0,0,0
204284000,756,781,759,776,0,0,0,0
204532000,761,779,764,774,0,0,0,0
204788000,756,774,759,770,0,0,0,0
205036000,762,770,764,766,0,0,0,0
205288000,756,781,758,776,0,0,0,0
205532000,761,778,763,774,0,0,0,0
205788000,761,780,764,774,0,0,0,0
206036000,766,774,766,769,0,0,0,0
206288000,760,784,761,779,0,0,0,0
206536000,758,776,760,772,0,0,0,0
206788000,758,777,761,773,0,0,0,0
207036000,763,772,766,768,0,0,0,0
207288000,757,782,760,777,0,0,0,0
207532000,762,779,763,775,0,0,0,0
207784000,758,785,759,781,0,0,0,0
208036000,766,775,768,770,0,0,0,0
208288000,756,780,757,776,0,0,0,0
208536000,757,776,759,772,0,0,0,0
208788000,759,778,762,773,0,0,0,0
209036000,766,774,768,770,0,0,0,0
209284000,756,780,758,776,0,0,0,0
209536000,759,777,761,773,0,0,0,0
209788000,757,774,759,770,0,0,0,0
210036000,762,771,765,767,0,0,0,0
210288000,753,776,754,772,0,0,0,0
210536000,755,773,757,768,0,0,0,0
210784000,755,781,757,777,0,0,0,0
211036000,763,771,766,768,0,0,0,0
211284000,755,779,758,775,0,0,0,0
211536000,756,775,759,770,0,0,0,0
211788000,757,775,759,771,0,0,0,0
212036000,763,771,764,767,0,0,0,0
212284000,757,781,759,776,0,0,0,0
212532000,760,777,762,773,0,0,0,0
212788000,762,779,763,775,0,0,0,0
213036000,765,773,767,770,0,0,0,0
213284000,756,779,758,776,0,0,0,0
213536000,758,776,761,773,0,0,0,0
213788000,757,774,759,770,0,0,0,0
214036000,763,771,765,767,0,0,0,0
214288000,756,781,759,776,0,0,0,0
214536000,757,775,759,770,0,0,0,0
214788000,758,775,759,770,0,0,0,0
215036000,762,771,764,767,0,0,0,0
215288000,759,783,761,779,0,0,0,0
215532000,764,781,766,778,0,0,0,0
215788000,759,777,761,773,0,0,0,0
216036000,761,770,763,766,0,0,0,0
216288000,757,781,758,776,0,0,0,0
216536000,759,776,760,772,0,0,0,0
216788000,760,777,762,773,0,0,0,0
217036000,764,771,766,769,0,0,0,0
217288000,755,780,758,776,0,0,0,0
217536000,759,777,761,773,0,0,0,0
217788000,761,778,762,774,0,0,0,0
218036000,766,774,768,770,0,0,0,0
218288000,753,778,755,773,0,0,0,0
218536000,762,781,764,776,0,0,0,0
218788000,761,779,763,775,0,0,0,0
219036000,765,774,768,769,0,0,0,0
219284000,758,781,759,777,0,0,0,0
219536000,758,776,761,772,0,0,0,0
219788000,756,775,758,769,0,0,0,0
220036000,762,771,765,767,0,0,0,0
220284000,755,779,757,774,0,0,0,0
220536000,762,780,765,776,0,0,0,0
220788000,758,776,760,771,0,0,0,0
221036000,765,773,766,768,0,0,0,0
221284000,759,783,760,778,0,0,0,0
221532000,759,776,761,772,0,0,0,0
221788000,760,778,762,774,0,0,0,0
222036000,763,772,765,767,0,0,0,0
222288000,757,782,759,778,0,0,0,0
222532000,760,777,762,773,0,0,0,0
222788000,756,773,758,769,0,0,0,0
223036000,762,771,764,767,0,0,0,0
223284000,759,782,760,778,0,0,0,0
223532000,761,778,763,774,0,0,0,0
223788000,759,777,761,773,0,0,0,0
224036000,764,772,766,769,0,0,0,0
224288000,751,775,754,772,0,0,0,0
224532000,757,774,758,769,0,0,0,0
224788000,756,775,757,769,0,0,0,0
225036000,762,770,763,766,0,0,0,0
225288000,756,781,760,779,0,0,0,0
225536000,761,773,763,773,0,0,0,0
225788000,750,782,760,777,0,0,0,0
226036000,766,777,765,773,0,0,0,0
226284000,771,788,764,778,0,0,0,0
226532000,772,785,768,777,0,0,0,0
226788000,770,782,771,779,0,0,0,0
227036000,777,779,763,778,0,0,0,0
227288000,772,776,773,766,0,0,0,0
227532000,765,775,770,777,0,0,0,0
227788000,653,647,878,890,0,0,0,0
228036000,647,670,875,873,0,0,0,0
228284000,695,730,840,825,0,0,0,0
228536000,755,775,782,799,0,0,0,0
228788000,900,900,654,637,0,0,0,0
229036000,881,872,659,654,0,0,0,0
229288000,801,818,707,726,0,0,0,0
229536000,754,763,765,781,0,0,0,0
229788000,716,766,790,808,0,0,0,0
230036000,737,749,794,797,0,0,0,0
230284000,745,769,777,795,0,0,0,0
230532000,757,775,767,777,0,0,0,0
230788000,761,779,755,767,0,0,0,0
231036000,769,776,759,761,0,0,0,0
231284000,762,786,756,773,0,0,0,0
231536000,762,780,761,771,0,0,0,0
231788000,761,778,761,773,0,0,0,0
232036000,765,773,768,771,0,0,0,0
232288000,757,782,761,779,0,0,0,0
232532000,759,777,763,774,0,0,0,0
232788000,760,779,763,776,0,0,0,0
233036000,764,773,766,769,0,0,0,0
233284000,756,781,758,775,0,0,0,0
233536000,761,778,763,773,0,0,0,0
233788000,759,778,762,773,0,0,0,0
234036000,765,774,768,769,0,0,0,0
234288000,755,780,758,776,0,0,0,0
234532000,760,777,762,772,0,0,0,0
234788000,757,775,759,770,0,0,0,0
235036000,760,769,763,764,0,0,0,0
235284000,754,778,756,773,0,0,0,0
235536000,757,775,759,771,0,0,0,0
235788000,759,777,761,772,0,0,0,0
236036000,768,776,770,772,0,0,0,0
236288000,761,786,764,781,0,0,0,0
236536000,762,779,764,775,0,0,0,0
236788000,761,779,763,774,0,0,0,0
237036000,763,770,764,766,0,0,0,0
237288000,755,778,757,774,0,0,0,0
237536000,756,775,759,771,0,0,0,0
237788000,754,771,756,767,0,0,0,0
238036000,759,768,762,763,0,0,0,0
238284000,755,780,758,775,0,0,0,0
238532000,765,782,767,778,0,0,0,0
238788000,764,782,767,778,0,0,0,0
239036000,763,773,766,768,0,0,0,0
239284000,755,779,757,774,0,0,0,0
239536000,758,776,760,771,0,0,0,0
239788000,759,776,760,772,0,0,0,0
240036000,763,772,766,768,0,0,0,0
240288000,753,778,755,773,0,0,0,0
240532000,756,773,758,768,0,0,0,0
240788000,758,775,760,771,0,0,0,0
241036000,764,772,767,768,0,0,0,0
241284000,758,782,761,778,0,0,0,0
241536000,762,780,765,776,0,0,0,0
241788000,762,779,763,775,0,0,0,0
242036000,765,774,767,769,0,0,0,0
242284000,757,781,759,776,0,0,0,0
242532000,758,775,760,771,0,0,0,0
242788000,758,776,760,772,0,0,0,0
243036000,760,768,763,765,0,0,0,0
243284000,758,782,760,777,0,0,0,0
243536000,760,778,762,774,0,0,0,0
243788000,758,777,761,772,0,0,0,0
244036000,764,772,766,768,0,0,0,0
244284000,759,783,761,779,0,0,0,0
244536000,762,780,764,775,0,0,0,0
244788000,759,777,761,772,0,0,0,0
245036000,759,767,761,763,0,0,0,0
245288000,752,776,755,772,0,0,0,0
245532000,755,773,758,768,0,0,0,0
245788000,759,779,762,774,0,0,0,0
246036000,766,775,769,771,0,0,0,0
246288000,755,780,758,775,0,0,0,0
246536000,758,776,759,771,0,0,0,0
246784000,754,780,757,776,0,0,0,0
247036000,764,772,767,769,0,0,0,0
247288000,761,785,763,781,0,0,0,0
247532000,762,779,764,775,0,0,0,0
247788000,761,780,763,775,0,0,0,0
248036000,765,773,766,768,0,0,0,0
248284000,759,784,761,778,0,0,0,0
248532000,760,777,762,773,0,0,0,0
248788000,756,774,759,770,0,0,0,0
249036000,760,769,763,766,0,0,0,0
249284000,755,778,757,774,0,0,0,0
249536000,761,779,764,774,0,0,0,0
249788000,762,780,765,775,0,0,0,0
250036000,765,773,766,768,0,0,0,0
250288000,756,781,758,776,0,0,0,0
250536000,760,778,762,774,0,0,0,0
250788000,760,778,762,773,0,0,0,0
251036000,765,774,767,770,0,0,0,0
251288000,761,786,763,781,0,0,0,0
251536000,761,778,762,774,0,0,0,0
251788000,760,778,762,774,0,0,0,0
252036000,765,773,767,769,0,0,0,0
252284000,756,780,758,775,0,0,0,0
252532000,760,778,762,773,0,0,0,0
252788000,761,779,763,775,0,0,0,0
253036000,762,771,764,767,0,0,0,0
253284000,753,777,755,773,0,0,0,0
253536000,759,776,761,772,0,0,0,0
253788000,758,776,761,771,0,0,0,0
254036000,759,768,762,763,0,0,0,0
254284000,751,775,753,771,0,0,0,0
254532000,756,773,758,769,0,0,0,0
254788000,759,777,762,773,0,0,0,0
255036000,766,774,769,770,0,0,0,0
255284000,760,784,761,778,0,0,0,0
255536000,760,778,761,773,0,0,0,0
255788000,758,777,762,773,0,0,0,0
256036000,761,770,765,766,0,0,0,0
256288000,757,782,759,777,0,0,0,0
256536000,757,774,758,770,0,0,0,0
256788000,757,775,759,771,0,0,0,0
257036000,763,771,765,767,0,0,0,0
257288000,761,784,762,779,0,0,0,0
257536000,765,782,767,778,0,0,0,0
257788000,759,778,762,774,0,0,0,0
258036000,760,769,764,766,0,0,0,0
258288000,752,778,755,774,0,0,0,0
258536000,757,775,759,771,0,0,0,0
258788000,759,777,760,772,0,0,0,0
259036000,763,772,765,766,0,0,0,0
259284000,755,778,756,773,0,0,0,0
259536000,759,777,760,772,0,0,0,0
259788000,758,776,761,772,0,0,0,0
260036000,761,770,764,767,0,0,0,0
260288000,754,778,756,775,0,0,0,0
260532000,761,779,764,774,0,0,0,0
260788000,763,781,765,776,0,0,0,0
261036000,768,777,770,771,0,0,0,0
261288000,758,782,760,778,0,0,0,0
261532000,762,780,765,775,0,0,0,0
261788000,758,776,760,772,0,0,0,0
262036000,761,770,764,766,0,0,0,0
262288000,755,779,757,775,0,0,0,0
262532000,759,777,761,772,0,0,0,0
262788000,760,778,763,773,0,0,0,0
263032000,759,778,762,773,0,0,0,0
263284000,756,780,758,775,0,0,0,0
263536000,757,775,760,771,0,0,0,0
263788000,755,773,759,769,0,0,0,0
264036000,761,770,765,766,0,0,0,0
264284000,752,777,755,771,0,0,0,0
264532000,761,778,763,775,0,0,0,0
264788000,762,778,764,773,0,0,0,0
265036000,768,777,770,772,0,0,0,0
265284000,761,785,762,780,0,0,0,0
265536000,761,779,762,773,0,0,0,0
265788000,760,778,761,773,0,0,0,0
266036000,763,771,764,767,0,0,0,0
266288000,755,780,757,775,0,0,0,0
266536000,759,777,762,774,0,0,0,0
266788000,757,775,761,772,0,0,0,0
267036000,763,772,767,768,0,0,0,0
267288000,756,781,758,776,0,0,0,0
267536000,759,777,761,772,0,0,0,0
267788000,759,777,761,772,0,0,0,0
268036000,762,770,763,766,0,0,0,0
268288000,755,781,758,776,0,0,0,0
268536000,758,776,760,771,0,0,0,0
268788000,760,778,761,773,0,0,0,0
269036000,766,774,768,770,0,0,0,0
269288000,758,782,761,778,0,0,0,0
269536000,759,777,762,774,0,0,0,0
269788000,758,776,760,771,0,0,0,0
270036000,764,771,764,767,0,0,0,0
270284000,755,779,756,774,0,0,0,0
270532000,760,777,761,773,0,0,0,0
270788000,759,777,761,773,0,0,0,0
271036000,764,772,767,769,0,0,0,0
271288000,759,783,761,779,0,0,0,0
271532000,762,779,765,775,0,0,0,0
271788000,762,780,764,776,0,0,0,0
272036000,764,773,766,768,0,0,0,0
272288000,755,779,758,775,0,0,0,0
272536000,761,779,765,776,0,0,0,0
272788000,766,783,769,779,0,0,0,0
273036000,765,774,767,770,0,0,0,0
273284000,755,778,755,772,0,0,0,0
273532000,757,774,756,767,0,0,0,0
273788000,758,775,758,769,0,0,0,0
274036000,762,771,765,768,0,0,0,0
274288000,758,782,762,780,0,0,0,0
274532000,761,778,764,775,0,0,0,0
274788000,762,780,766,777,0,0,0,0
275036000,762,769,768,768,0,0,0,0
275288000,751,776,757,774,0,0,0,0
275532000,755,772,757,767,0,0,0,0
275788000,759,777,756,767,0,0,0,0
276036000,770,778,761,763,0,0,0,0
276284000,743,780,774,775,0,0,0,0
276536000,760,776,760,773,0,0,0,0
276788000,762,779,760,770,0,0,0,0
277032000,761,778,759,771,0,0,0,0
277288000,760,784,760,778,0,0,0,0
277536000,762,780,764,776,0,0,0,0
277788000,762,780,765,776,0,0,0,0
278036000,767,776,770,772,0,0,0,0
278284000,755,780,758,775,0,0,0,0
278532000,756,773,758,769,0,0,0,0
278788000,757,774,759,770,0,0,0,0
279036000,761,770,763,765,0,0,0,0
279288000,753,778,755,773,0,0,0,0
279536000,761,779,763,775,0,0,0,0
279788000,760,778,762,774,0,0,0,0
280036000,765,773,767,769,0,0,0,0
280284000,754,779,756,774,0,0,0,0
280536000,757,775,759,770,0,0,0,0
280788000,758,776,761,772,0,0,0,0
281036000,766,774,768,772,0,0,0,0
281288000,758,783,760,778,0,0,0,0
281536000,761,780,763,775,0,0,0,0
281788000,762,780,764,776,0,0,0,0
282036000,764,773,767,769,0,0,0,0
282288000,755,779,756,774,0,0,0,0
282532000,758,774,759,770,0,0,0,0
282788000,759,777,762,772,0,0,0,0
283036000,764,773,766,768,0,0,0,0
283288000,758,782,759,777,0,0,0,0
283536000,759,776,761,771,0,0,0,0
283788000,761,778,762,775,0,0,0,0
284036000,762,770,765,768,0,0,0,0
284284000,755,779,758,775,0,0,0,0
284536000,758,776,760,773,0,0,0,0
284788000,760,778,762,774,0,0,0,0
285036000,764,771,765,768,0,0,0,0
285288000,754,778,756,773,0,0,0,0
285536000,759,777,761,773,0,0,0,0
285788000,758,776,760,771,0,0,0,0
286036000,761,769,763,766,0,0,0,0
286288000,754,777,756,774,0,0,0,0
286532000,757,775,760,771,0,0,0,0
286788000,760,777,763,773,0,0,0,0
287036000,764,772,766,768,0,0,0,0
287284000,756,780,758,776,0,0,0,0
287536000,756,775,759,770,0,0,0,0
287788000,759,777,762,773,0,0,0,0
288036000,768,777,771,773,0,0,0,0
288284000,759,783,761,779,0,0,0,0
288532000,763,781,765,775,0,0,0,0
288788000,763,781,765,776,0,0,0,0
289036000,763,771,765,767,0,0,0,0
289288000,753,779,755,774,0,0,0,0
289536000,757,774,758,771,0,0,0,0
289788000,756,774,759,770,0,0,0,0
290036000,762,770,765,766,0,0,0,0
290288000,756,780,757,776,0,0,0,0
290536000,758,777,760,772,0,0,0,0
290788000,758,776,760,772,0,0,0,0
291036000,761,770,763,765,0,0,0,0
291288000,758,782,759,778,0,0,0,0
291536000,760,778,762,774,0,0,0,0
291788000,761,778,763,775,0,0,0,0
292036000,765,774,768,770,0,0,0,0
292288000,756,780,758,776,0,0,0,0
292536000,758,775,760,771,0,0,0,0
292788000,756,775,759,770,0,0,0,0
293036000,762,771,764,766,0,0,0,0
293288000,759,783,761,778,0,0,0,0
293532000,762,779,764,774,0,0,0,0
293784000,759,778,761,774,0,0,0,0
294032000,759,776,762,772,0,0,0,0
294288000,754,779,757,775,0,0,0,0
294532000,757,774,759,770,0,0,0,0
294788000,759,777,761,772,0,0,0,0
295036000,765,773,767,769,0,0,0,0
295284000,756,780,758,775,0,0,0,0
295536000,759,776,760,772,0,0,0,0
295788000,761,779,763,775,0,0,0,0
296036000,763,771,764,767,0,0,0,0
296288000,758,783,760,778,0,0,0,0
296532000,760,777,762,774,0,0,0,0
296788000,759,777,762,774,0,0,0,0
297036000,763,771,765,768,0,0,0,0
297288000,757,781,758,777,0,0,0,0
297532000,758,776,760,771,0,0,0,0
297788000,760,779,763,774,0,0,0,0
298036000,764,773,766,768,0,0,0,0
298284000,756,780,758,775,0,0,0,0
298536000,756,774,758,770,0,0,0,0
298788000,756,775,759,770,0,0,0,0
299036000,767,776,769,771,0,0,0,0
299288000,758,782,760,778,0,0,0,0
299536000,764,781,766,777,0,0,0,0
299788000,762,780,764,776,0,0,0,0
300036000,766,775,769,770,0,0,0,0
300284000,756,780,758,776,0,0,0,0
300532000,760,776,762,773,0,0,0,0
300788000,758,775,760,771,0,0,0,0
301032000,757,775,760,771,0,0,0,0
301284000,754,777,756,773,0,0,0,0
301536000,757,776,761,772,0,0,0,0
301788000,758,776,760,772,0,0,0,0
302036000,763,771,765,767,0,0,0,0
302288000,758,782,760,778,0,0,0,0
302536000,757,775,759,770,0,0,0,0
302788000,757,775,759,770,0,0,0,0
303036000,766,774,767,769,0,0,0,0
303288000,757,781,759,777,0,0,0,0
303532000,763,780,766,776,0,0,0,0
303788000,761,780,764,776,0,0,0,0
304036000,765,773,767,769,0,0,0,0
304288000,755,780,758,775,0,0,0,0
304532000,760,777,763,773,0,0,0,0
304788000,760,777,762,773,0,0,0,0
305036000,764,773,767,768,0,0,0,0
305284000,757,781,759,777,0,0,0,0
305536000,755,774,759,769,0,0,0,0
305788000,755,774,758,769,0,0,0,0
306036000,763,771,765,766,0,0,0,0
306288000,757,782,759,777,0,0,0,0
306536000,756,774,759,769,0,0,0,0
306788000,755,773,758,769,0,0,0,0
307036000,763,772,766,768,0,0,0,0
307284000,758,783,761,778,0,0,0,0
307532000,761,779,763,774,0,0,0,0
307788000,762,780,764,775,0,0,0,0
308036000,764,773,766,769,0,0,0,0
308288000,756,780,758,777,0,0,0,0
308536000,760,778,763,775,0,0,0,0
308788000,757,776,761,772,0,0,0,0
309036000,763,772,765,767,0,0,0,0
309288000,758,782,760,778,0,0,0,0
309536000,759,777,762,773,0,0,0,0
309788000,760,778,762,773,0,0,0,0
310036000,763,771,765,766,0,0,0,0
310288000,755,779,756,774,0,0,0,0
310532000,758,775,760,771,0,0,0,0
310788000,753,771,755,767,0,0,0,0
311036000,761,769,763,765,0,0,0,0
311288000,757,782,759,777,0,0,0,0
311536000,761,778,762,774,0,0,0,0
311788000,761,779,763,775,0,0,0,0
312036000,765,774,768,770,0,0,0,0
312288000,759,783,761,779,0,0,0,0
312536000,761,779,763,775,0,0,0,0
312788000,764,782,766,778,0,0,0,0
313036000,766,774,768,770,0,0,0,0
313284000,755,779,757,775,0,0,0,0
313536000,757,775,760,771,0,0,0,0
313788000,760,777,762,773,0,0,0,0
314036000,767,775,770,771,0,0,0,0
314284000,757,781,759,776,0,0,0,0
314532000,760,778,762,772,0,0,0,0
314788000,758,775,760,771,0,0,0,0
315036000,764,773,766,768,0,0,0,0
315288000,759,784,761,779,0,0,0,0
315536000,757,776,760,771,0,0,0,0
315788000,757,775,759,771,0,0,0,0
316036000,761,770,764,766,0,0,0,0
316288000,753,778,756,774,0,0,0,0
316532000,756,774,760,769,0,0,0,0
316788000,761,779,764,775,0,0,0,0
317036000,763,772,766,768,0,0,0,0
317284000,755,779,757,774,0,0,0,0
317532000,762,779,763,774,0,0,0,0
317788000,758,775,760,771,0,0,0,0
318036000,760,769,762,764,0,0,0,0
318284000,755,779,758,775,0,0,0,0
318536000,757,775,760,771,0,0,0,0
318788000,762,780,764,775,0,0,0,0
319036000,768,777,771,772,0,0,0,0
319288000,762,786,764,780,0,0,0,0
319532000,761,778,763,774,0,0,0,0
319788000,759,776,762,772,0,0,0,0
320036000,762,770,764,766,0,0,0,0
320284000,756,780,759,776,0,0,0,0
320532000,756,774,759,769,0,0,0,0
320788000,753,771,755,766,0,0,0,0
321032000,756,773,758,768,0,0,0,0
321284000,754,779,756,773,0,0,0,0
321536000,759,778,762,773,0,0,0,0
321788000,759,777,762,773,0,0,0,0
322036000,765,774,768,770,0,0,0,0
322288000,757,782,760,777,0,0,0,0
322532000,761,778,763,773,0,0,0,0
322788000,759,777,762,772,0,0,0,0
323036000,763,772,766,766,0,0,0,0
323288000,755,779,757,775,0,0,0,0
323532000,759,777,762,772,0,0,0,0
323788000,759,778,761,773,0,0,0,0
324036000,766,775,768,771,0,0,0,0
324288000,758,783,760,778,0,0,0,0
324532000,761,778,763,774,0,0,0,0
324788000,760,778,763,774,0,0,0,0
325036000,766,775,769,771,0,0,0,0
325284000,759,783,762,779,0,0,0,0
325532000,763,780,766,775,0,0,0,0
325788000,758,776,760,771,0,0,0,0
326036000,761,769,762,764,0,0,0,0
326288000,756,780,758,775,0,0,0,0
326532000,760,778,763,772,0,0,0,0
326788000,757,776,760,772,0,0,0,0
327036000,757,766,760,762,0,0,0,0
327288000,755,779,757,774,0,0,0,0
327536000,758,776,761,772,0,0,0,0
327788000,760,778,762,774,0,0,0,0
328032000,764,781,766,776,0,0,0,0
328288000,759,783,761,779,0,0,0,0
328536000,761,779,763,775,0,0,0,0
328788000,758,776,760,772,0,0,0,0
329036000,759,768,762,764,0,0,0,0
329284000,748,773,751,768,0,0,0,0
329532000,758,775,761,771,0,0,0,0
329788000,762,780,765,776,0,0,0,0
330036000,765,774,768,769,0,0,0,0
330288000,758,783,760,777,0,0,0,0
330532000,763,780,763,774,0,0,0,0
330788000,761,779,762,774,0,0,0,0
331036000,761,770,764,765,0,0,0,0
331288000,750,775,753,771,0,0,0,0
331536000,756,775,759,771,0,0,0,0
331788000,760,778,763,774,0,0,0,0
332036000,766,776,769,771,0,0,0,0
332288000,757,780,759,776,0,0,0,0
332532000,758,776,762,771,0,0,0,0
332788000,758,775,759,770,0,0,0,0
333036000,761,769,763,765,0,0,0,0
333288000,753,778,756,774,0,0,0,0
333532000,758,777,762,771,0,0,0,0
333788000,758,776,760,771,0,0,0,0
334036000,765,773,768,769,0,0,0,0
334284000,758,782,762,777,0,0,0,0
334536000,762,781,764,776,0,0,0,0
334788000,757,775,760,770,0,0,0,0
335036000,761,770,764,765,0,0,0,0
335288000,754,779,757,774,0,0,0,0
335536000,758,777,761,771,0,0,0,0
335788000,757,775,759,770,0,0,0,0
336032000,760,777,762,773,0,0,0,0
336288000,761,787,764,781,0,0,0,0
336532000,761,779,764,775,0,0,0,0
336788000,757,776,760,771,0,0,0,0
337036000,762,771,765,766,0,0,0,0
337288000,757,782,760,777,0,0,0,0
337536000,759,778,762,774,0,0,0,0
337784000,756,783,759,778,0,0,0,0
338036000,763,773,765,768,0,0,0,0
338288000,756,781,758,776,0,0,0,0
338536000,758,776,761,772,0,0,0,0
338788000,760,778,763,773,0,0,0,0
339036000,765,773,767,769,0,0,0,0
339288000,756,781,759,776,0,0,0,0
339536000,759,778,762,773,0,0,0,0
339788000,761,780,764,775,0,0,0,0
340036000,764,773,766,768,0,0,0,0
340288000,752,777,755,772,0,0,0,0
340532000,759,776,761,771,0,0,0,0
340788000,760,778,762,774,0,0,0,0
341036000,764,773,767,769,0,0,0,0
341284000,756,781,759,777,0,0,0,0
341532000,758,776,760,771,0,0,0,0
341788000,758,777,761,772,0,0,0,0
342036000,763,773,766,769,0,0,0,0
342288000,758,783,761,779,0,0,0,0
342532000,759,778,763,772,0,0,0,0
342788000,758,777,761,771,0,0,0,0
343036000,762,772,764,766,0,0,0,0
343284000,757,781,758,776,0,0,0,0
343536000,760,779,762,774,0,0,0,0
343788000,764,782,766,777,0,0,0,0
344036000,763,772,766,768,0,0,0,0
344288000,755,780,758,775,0,0,0,0
344536000,760,778,762,774,0,0,0,0
344788000,759,777,762,773,0,0,0,0
345036000,763,773,767,769,0,0,0,0
345284000,758,782,761,777,0,0,0,0
345532000,756,774,759,768,0,0,0,0
345788000,757,774,758,770,0,0,0,0
346036000,763,771,766,767,0,0,0,0
346284000,754,779,758,776,0,0,0,0
346532000,760,778,764,775,0,0,0,0
346788000,760,779,764,775,0,0,0,0
347036000,763,772,766,767,0,0,0,0
347288000,757,783,758,776,0,0,0,0
347536000,759,778,759,771,0,0,0,0
347788000,759,777,760,771,0,0,0,0
348036000,757,766,761,762,0,0,0,0
348288000,747,772,750,767,0,0,0,0
348536000,754,772,756,767,0,0,0,0
348788000,758,777,760,771,0,0,0,0
349036000,767,775,768,770,0,0,0,0
349288000,759,784,762,780,0,0,0,0
349532000,763,781,766,776,0,0,0,0
349788000,763,781,767,778,0,0,0,0
350036000,763,772,767,768,0,0,0,0
350288000,756,781,758,775,0,0,0,0
350536000,759,777,760,771,0,0,0,0
350788000,756,774,759,770,0,0,0,0
351036000,761,771,766,763,0,0,0,0
351284000,753,783,751,782,0,0,0,0
351532000,761,780,765,777,0,0,0,0
351788000,759,776,770,779,0,0,0,0
352036000,767,778,776,779,0,0,0,0
352284000,768,782,773,782,0,0,0,0
352536000,767,778,769,774,0,0,0,0
352788000,770,779,768,773,0,0,0,0
353036000,769,777,768,769,0,0,0,0
353288000,770,777,752,772,0,0,0,0
353536000,803,811,741,717,0,0,0,0
353788000,884,891,647,651,0,0,0,0
354036000,846,848,684,699,0,0,0,0
354288000,805,816,724,754,0,0,0,0
354536000,781,767,772,770,0,0,0,0
354788000,750,785,781,786,0,0,0,0
355036000,777,762,787,786,0,0,0,0
355284000,781,792,777,793,0,0,0,0
355536000,786,781,771,782,0,0,0,0
355788000,782,808,754,754,0,0,0,0
356036000,793,799,739,750,0,0,0,0
356288000,792,800,730,759,0,0,0,0
356536000,788,783,739,770,0,0,0,0
356788000,785,779,749,769,0,0,0,0
357036000,756,748,777,788,0,0,0,0
357288000,658,643,867,882,0,0,0,0
357536000,688,675,834,849,0,0,0,0
357788000,746,735,780,797,0,0,0,0
358036000,785,781,747,760,0,0,0,0
358288000,806,795,730,754,0,0,0,0
358536000,797,791,734,753,0,0,0,0
358784000,786,777,741,765,0,0,0,0
359036000,770,766,755,766,0,0,0,0
359284000,767,756,755,779,0,0,0,0
359532000,765,758,761,779,0,0,0,0
359788000,770,762,763,781,0,0,0,0
360036000,770,766,764,776,0,0,0,0
360284000,776,765,757,782,0,0,0,0
360536000,773,766,757,776,0,0,0,0
360788000,775,768,759,778,0,0,0,0
361032000,774,766,758,777,0,0,0,0
361288000,775,764,756,780,0,0,0,0
361536000,774,765,758,777,0,0,0,0
361788000,776,767,761,780,0,0,0,0
362036000,770,766,761,773,0,0,0,0
362284000,771,761,753,776,0,0,0,0
362532000,770,761,754,773,0,0,0,0
362788000,773,765,758,778,0,0,0,0
363036000,773,768,763,775,0,0,0,0
363288000,776,764,755,781,0,0,0,0
363532000,773,765,757,777,0,0,0,0
363788000,773,765,757,777,0,0,0,0
364036000,770,766,760,773,0,0,0,0
364288000,774,762,753,779,0,0,0,0
364536000,774,765,759,778,0,0,0,0
364784000,774,762,753,781,0,0,0,0
365036000,769,765,759,773,0,0,0,0
365288000,773,761,754,778,0,0,0,0
365536000,771,763,755,775,0,0,0,0
365788000,773,765,758,778,0,0,0,0
366036000,771,766,761,774,0,0,0,0
366288000,778,766,757,783,0,0,0,0
366532000,776,768,760,780,0,0,0,0
366784000,775,763,754,781,0,0,0,0
367036000,769,764,759,772,0,0,0,0
367288000,772,761,753,778,0,0,0,0
367532000,772,764,756,775,0,0,0,0
367788000,771,762,755,776,0,0,0,0
368036000,772,767,761,775,0,0,0,0
368288000,777,765,757,783,0,0,0,0
368536000,776,768,761,780,0,0,0,0
368788000,775,766,760,779,0,0,0,0
369036000,773,769,763,776,0,0,0,0
369284000,777,766,758,782,0,0,0,0
369536000,776,767,760,780,0,0,0,0
369784000,772,761,752,778,0,0,0,0
370036000,767,762,756,769,0,0,0,0
370284000,774,762,754,779,0,0,0,0
370536000,773,765,757,777,0,0,0,0
370788000,778,770,762,782,0,0,0,0
371036000,769,765,759,772,0,0,0,0
371288000,770,758,750,775,0,0,0,0
371532000,769,760,753,773,0,0,0,0
371788000,772,763,756,777,0,0,0,0
372036000,771,767,761,774,0,0,0,0
372288000,773,761,753,778,0,0,0,0
372536000,773,764,757,777,0,0,0,0
372788000,774,765,758,779,0,0,0,0
373036000,770,765,759,773,0,0,0,0
373288000,777,765,758,782,0,0,0,0
373536000,772,763,756,776,0,0,0,0
373788000,774,765,758,777,0,0,0,0
374036000,769,764,758,771,0,0,0,0
374284000,776,764,755,781,0,0,0,0
374532000,772,763,756,776,0,0,0,0
374788000,766,758,751,771,0,0,0,0
375036000,769,764,758,772,0,0,0,0
375288000,774,762,754,780,0,0,0,0
375536000,775,766,759,779,0,0,0,0
375788000,779,769,763,783,0,0,0,0
376036000,772,768,762,775,0,0,0,0
376288000,773,761,754,779,0,0,0,0
376536000,772,764,757,776,0,0,0,0
376788000,777,768,761,782,0,0,0,0
377036000,772,767,761,774,0,0,0,0
377288000,775,763,754,780,0,0,0,0
377536000,771,763,755,776,0,0,0,0
377788000,775,766,759,779,0,0,0,0
378036000,773,768,763,776,0,0,0,0
378288000,773,762,753,778,0,0,0,0
378532000,772,763,756,776,0,0,0,0
378788000,771,763,755,775,0,0,0,0
379036000,770,766,759,773,0,0,0,0
379284000,777,765,757,782,0,0,0,0
379532000,772,764,757,777,0,0,0,0
379788000,773,765,758,778,0,0,0,0
380036000,772,768,762,775,0,0,0,0
380288000,776,764,756,781,0,0,0,0
380536000,772,764,757,777,0,0,0,0
380784000,773,762,753,780,0,0,0,0
381036000,769,765,759,772,0,0,0,0
381288000,775,763,754,780,0,0,0,0
381536000,776,767,759,780,0,0,0,0
381788000,774,766,759,778,0,0,0,0
382036000,766,761,756,770,0,0,0,0
382288000,773,761,754,778,0,0,0,0
382536000,772,764,757,777,0,0,0,0
382788000,771,762,756,775,0,0,0,0
383036000,769,766,760,773,0,0,0,0
383288000,774,762,754,779,0,0,0,0
383536000,771,762,754,775,0,0,0,0
383788000,772,764,755,776,0,0,0,0
384036000,770,765,759,773,0,0,0,0
384284000,773,762,753,778,0,0,0,0
384532000,773,765,758,778,0,0,0,0
384788000,776,767,761,780,0,0,0,0
385036000,774,769,764,777,0,0,0,0
385284000,772,760,751,777,0,0,0,0
385532000,767,760,752,771,0,0,0,0
385788000,770,762,754,774,0,0,0,0
386032000,771,763,756,776,0,0,0,0
386284000,776,764,756,782,0,0,0,0
386536000,777,768,761,781,0,0,0,0
386788000,776,768,760,780,0,0,0,0
387036000,773,768,761,776,0,0,0,0
387288000,776,764,756,781,0,0,0,0
387536000,777,768,762,782,0,0,0,0
387788000,779,770,764,783,0,0,0,0
388036000,775,770,764,777,0,0,0,0
388284000,773,761,753,778,0,0,0,0
388532000,768,759,752,773,0,0,0,0
388788000,767,760,753,772,0,0,0,0
389036000,772,768,762,775,0,0,0,0
389284000,779,767,759,784,0,0,0,0
389532000,772,764,757,777,0,0,0,0
389788000,766,759,751,771,0,0,0,0
390036000,764,759,753,767,0,0,0,0
390288000,773,761,753,779,0,0,0,0
390532000,772,764,757,776,0,0,0,0
390784000,777,765,757,783,0,0,0,0
391036000,773,768,763,776,0,0,0,0
391288000,775,764,756,781,0,0,0,0
391536000,771,763,756,776,0,0,0,0
391788000,773,765,758,777,0,0,0,0
392036000,772,768,762,775,0,0,0,0
392288000,777,766,757,782,0,0,0,0
392536000,776,768,760,781,0,0,0,0
392788000,773,764,757,777,0,0,0,0
393036000,769,764,758,772,0,0,0,0
393288000,775,763,755,781,0,0,0,0
393536000,774,767,759,779,0,0,0,0
393788000,776,767,760,780,0,0,0,0
394036000,773,768,762,774,0,0,0,0
394288000,777,764,756,782,0,0,0,0
394536000,772,764,757,777,0,0,0,0
394788000,772,764,756,777,0,0,0,0
395036000,770,766,760,773,0,0,0,0
395288000,777,766,757,782,0,0,0,0
395536000,772,764,757,777,0,0,0,0
395788000,772,764,756,777,0,0,0,0
396036000,773,769,763,776,0,0,0,0
396284000,779,767,759,784,0,0,0,0
396532000,771,763,756,776,0,0,0,0
396784000,776,764,754,781,0,0,0,0
397036000,771,767,760,773,0,0,0,0
397284000,773,762,753,779,0,0,0,0
397532000,772,764,757,777,0,0,0,0
397788000,771,763,756,776,0,0,0,0
398036000,769,766,759,773,0,0,0,0
398288000,774,763,754,780,0,0,0,0
398532000,770,761,754,774,0,0,0,0
398788000,771,764,756,776,0,0,0,0
399036000,767,763,757,771,0,0,0,0
399288000,774,762,754,779,0,0,0,0
399536000,772,764,757,777,0,0,0,0
399788000,772,763,757,776,0,0,0,0
400032000,774,768,760,780,0,0,0,0
400284000,776,766,756,782,0,0,0,0
400532000,776,767,760,779,0,0,0,0
400788000,773,765,757,778,0,0,0,0
401036000,772,767,762,775,0,0,0,0
401288000,777,765,757,782,0,0,0,0
401532000,774,765,759,778,0,0,0,0
401784000,774,762,754,780,0,0,0,0
402036000,769,765,760,772,0,0,0,0
402284000,775,764,755,781,0,0,0,0
402536000,774,766,758,778,0,0,0,0
402788000,774,766,758,779,0,0,0,0
403036000,771,766,760,773,0,0,0,0
403284000,773,762,753,779,0,0,0,0
403532000,770,762,755,775,0,0,0,0
403788000,766,758,751,771,0,0,0,0
404036000,767,763,757,771,0,0,0,0
404288000,774,763,754,780,0,0,0,0
404536000,773,765,757,777,0,0,0,0
404788000,776,768,760,780,0,0,0,0
405036000,775,771,764,777,0,0,0,0
405288000,778,767,757,783,0,0,0,0
405536000,774,766,759,778,0,0,0,0
405788000,772,765,758,778,0,0,0,0
406036000,771,768,762,775,0,0,0,0
406288000,771,760,752,777,0,0,0,0
406532000,768,760,752,772,0,0,0,0
406788000,772,764,756,775,0,0,0,0
407036000,770,767,759,773,0,0,0,0
407284000,774,763,754,779,0,0,0,0
407536000,772,763,756,776,0,0,0,0
407788000,774,766,759,778,0,0,0,0
408036000,769,764,758,772,0,0,0,0
408288000,771,760,752,778,0,0,0,0
408532000,772,764,758,778,0,0,0,0
408788000,772,764,756,777,0,0,0,0
409036000,770,765,759,772,0,0,0,0
409288000,776,764,756,781,0,0,0,0
409536000,776,767,761,781,0,0,0,0
409788000,776,768,761,781,0,0,0,0
410036000,776,772,766,780,0,0,0,0
410288000,781,770,761,787,0,0,0,0
410532000,777,769,761,781,0,0,0,0
410784000,778,766,757,784,0,0,0,0
411036000,766,762,756,769,0,0,0,0
411288000,771,760,751,777,0,0,0,0
411536000,771,762,754,775,0,0,0,0
411788000,773,766,758,778,0,0,0,0
412036000,772,767,762,775,0,0,0,0
412288000,775,764,755,781,0,0,0,0
412536000,773,764,757,777,0,0,0,0
412788000,771,763,755,776,0,0,0,0
413036000,768,764,758,772,0,0,0,0
413288000,769,758,750,776,0,0,0,0
413532000,772,764,757,776,0,0,0,0
413788000,774,767,759,779,0,0,0,0
414036000,770,766,759,773,0,0,0,0
414284000,776,765,756,782,0,0,0,0
414536000,770,762,754,775,0,0,0,0
414784000,770,758,750,775,0,0,0,0
415036000,769,764,758,771,0,0,0,0
415288000,777,765,756,782,0,0,0,0
415536000,774,766,758,778,0,0,0,0
415788000,775,766,759,779,0,0,0,0
416036000,771,767,761,774,0,0,0,0
416284000,777,765,757,782,0,0,0,0
416536000,774,766,758,778,0,0,0,0
416788000,776,768,760,780,0,0,0,0
417036000,772,767,761,774,0,0,0,0
417288000,773,761,754,779,0,0,0,0
417536000,774,765,758,779,0,0,0,0
417788000,774,766,759,779,0,0,0,0
418036000,769,764,759,771,0,0,0,0
418288000,772,760,752,778,0,0,0,0
418532000,772,764,756,776,0,0,0,0
418788000,773,765,757,777,0,0,0,0
419036000,773,769,762,776,0,0,0,0
419288000,776,764,756,781,0,0,0,0
419532000,774,766,759,778,0,0,0,0
419788000,772,765,757,777,0,0,0,0
420036000,765,762,755,768,0,0,0,0
420284000,773,762,753,779,0,0,0,0
420532000,771,763,755,775,0,0,0,0
420788000,771,763,755,775,0,0,0,0
421036000,770,766,759,773,0,0,0,0
421288000,775,763,754,780,0,0,0,0
421536000,771,763,755,776,0,0,0,0
421788000,771,762,755,775,0,0,0,0
422036000,772,768,762,775,0,0,0,0
422288000,776,765,757,782,0,0,0,0
422532000,775,766,760,779,0,0,0,0
422788000,774,765,759,778,0,0,0,0
423036000,768,763,758,771,0,0,0,0
423288000,771,760,751,776,0,0,0,0
423536000,774,766,758,778,0,0,0,0
423788000,773,765,757,778,0,0,0,0
424036000,770,766,760,773,0,0,0,0
424284000,776,765,756,782,0,0,0,0
424532000,775,768,761,780,0,0,0,0
424788000,776,768,760,781,0,0,0,0
425036000,773,769,763,776,0,0,0,0
425288000,777,766,757,783,0,0,0,0
425536000,775,766,759,779,0,0,0,0
425788000,774,766,758,779,0,0,0,0
426036000,772,768,762,775,0,0,0,0
426288000,773,762,753,779,0,0,0,0
426532000,767,759,751,771,0,0,0,0
426788000,773,765,758,778,0,0,0,0
427036000,775,772,766,779,0,0,0,0
427288000,778,767,759,783,0,0,0,0
427536000,773,765,757,777,0,0,0,0
427784000,773,762,752,779,0,0,0,0
428036000,772,768,761,774,0,0,0,0
428284000,773,762,754,779,0,0,0,0
428532000,771,763,756,775,0,0,0,0
428788000,772,764,757,777,0,0,0,0
429036000,772,767,762,775,0,0,0,0
429284000,776,764,756,781,0,0,0,0
429536000,771,762,755,775,0,0,0,0
429788000,770,762,755,775,0,0,0,0
430036000,767,762,756,769,0,0,0,0
430288000,771,761,752,778,0,0,0,0
430536000,776,767,760,780,0,0,0,0
430788000,775,767,759,779,0,0,0,0
431036000,769,764,759,772,0,0,0,0
431284000,775,763,755,780,0,0,0,0
431532000,774,765,758,777,0,0,0,0
431788000,773,765,757,777,0,0,0,0
432036000,770,764,759,772,0,0,0,0
432284000,775,763,756,781,0,0,0,0
432532000,773,765,758,777,0,0,0,0
432788000,776,768,760,780,0,0,0,0
433036000,773,769,763,775,0,0,0,0
433288000,778,766,758,784,0,0,0,0
433536000,773,764,758,778,0,0,0,0
433788000,769,761,754,774,0,0,0,0
434036000,767,763,757,770,0,0,0,0
434288000,774,763,754,779,0,0,0,0
434536000,775,767,759,779,0,0,0,0
434788000,773,765,757,777,0,0,0,0
435036000,768,764,758,771,0,0,0,0
435288000,774,763,754,780,0,0,0,0
435532000,769,760,753,773,0,0,0,0
435788000,772,763,756,776,0,0,0,0
436036000,771,767,761,774,0,0,0,0
436284000,775,763,755,780,0,0,0,0
436536000,772,764,756,776,0,0,0,0
436788000,774,766,758,778,0,0,0,0
437036000,772,768,762,775,0,0,0,0
437288000,773,761,754,778,0,0,0,0
437536000,774,765,758,778,0,0,0,0
437788000,772,763,757,776,0,0,0,0
438036000,771,766,760,774,0,0,0,0
438288000,772,760,751,777,0,0,0,0
438532000,770,761,754,773,0,0,0,0
438788000,769,760,753,773,0,0,0,0
439036000,769,766,759,773,0,0,0,0
439284000,776,764,756,782,0,0,0,0
439536000,771,763,756,776,0,0,0,0
439788000,768,759,753,772,0,0,0,0
440036000,768,763,758,771,0,0,0,0
440288000,777,766,758,782,0,0,0,0
440536000,777,768,760,780,0,0,0,0
440788000,777,768,761,781,0,0,0,0
441036000,772,768,760,774,0,0,0,0
441288000,777,767,757,783,0,0,0,0
441536000,774,765,759,779,0,0,0,0
441788000,773,765,757,778,0,0,0,0
442036000,769,764,759,771,0,0,0,0
442288000,776,765,757,782,0,0,0,0
442536000,775,767,760,780,0,0,0,0
442788000,772,764,757,776,0,0,0,0
443032000,774,766,759,778,0,0,0,0
443288000,773,762,753,778,0,0,0,0
443536000,771,763,756,776,0,0,0,0
443784000,776,764,756,782,0,0,0,0
444036000,775,770,764,777,0,0,0,0
444284000,779,767,759,784,0,0,0,0
444536000,776,767,759,780,0,0,0,0
444788000,772,765,757,777,0,0,0,0
445036000,770,765,759,771,0,0,0,0
445288000,773,762,753,779,0,0,0,0
445536000,770,762,755,775,0,0,0,0
445788000,770,762,755,775,0,0,0,0
446036000,766,762,757,770,0,0,0,0
446288000,772,760,752,778,0,0,0,0
446536000,774,766,759,779,0,0,0,0
446788000,774,765,758,777,0,0,0,0
447036000,771,767,760,773,0,0,0,0
447288000,775,763,753,780,0,0,0,0
447532000,779,771,763,783,0,0,0,0
447788000,775,766,759,779,0,0,0,0
448036000,772,767,762,774,0,0,0,0
448284000,776,764,757,782,0,0,0,0
448536000,774,766,759,779,0,0,0,0
448788000,772,764,757,777,0,0,0,0
449036000,770,766,760,773,0,0,0,0
449288000,775,763,755,780,0,0,0,0
449532000,772,764,756,776,0,0,0,0
449784000,777,765,756,783,0,0,0,0
450036000,773,768,762,776,0,0,0,0
450284000,775,764,757,781,0,0,0,0
450536000,777,769,761,782,0,0,0,0
450784000,778,766,757,784,0,0,0,0
451036000,770,766,760,773,0,0,0,0
451284000,777,765,757,782,0,0,0,0
451536000,774,766,758,778,0,0,0,0
451788000,771,762,756,775,0,0,0,0
452036000,767,763,757,769,0,0,0,0
452288000,774,763,754,779,0,0,0,0
452532000,774,766,759,779,0,0,0,0
452788000,773,765,758,778,0,0,0,0
453036000,771,766,761,774,0,0,0,0
453288000,777,764,757,782,0,0,0,0
453536000,775,766,759,779,0,0,0,0
453788000,772,764,756,776,0,0,0,0
454036000,770,764,759,772,0,0,0,0
454288000,772,762,753,778,0,0,0,0
454536000,773,765,758,778,0,0,0,0
454788000,771,764,756,776,0,0,0,0
455036000,770,765,760,771,0,0,0,0
455284000,775,763,754,779,0,0,0,0
455532000,774,766,759,779,0,0,0,0
455788000,773,764,757,777,0,0,0,0
456036000,769,765,760,772,0,0,0,0
456284000,773,761,754,779,0,0,0,0
456536000,774,766,759,778,0,0,0,0
456788000,772,764,757,777,0,0,0,0
457036000,768,763,756,770,0,0,0,0
457284000,770,760,751,775,0,0,0,0
457536000,772,764,756,777,0,0,0,0
457784000,775,764,755,782,0,0,0,0
458036000,769,765,759,772,0,0,0,0
458288000,775,764,755,781,0,0,0,0
458536000,773,765,759,778,0,0,0,0
458788000,774,767,759,779,0,0,0,0
459036000,773,769,762,776,0,0,0,0
459288000,778,767,758,784,0,0,0,0
459536000,774,765,758,777,0,0,0,0
459788000,772,763,757,776,0,0,0,0
460036000,768,763,758,770,0,0,0,0
460288000,771,759,750,775,0,0,0,0
460536000,766,757,749,769,0,0,0,0
460788000,771,763,755,775,0,0,0,0
461036000,772,769,762,775,0,0,0,0
461288000,773,763,755,780,0,0,0,0
461536000,774,766,759,779,0,0,0,0
461788000,774,765,759,779,0,0,0,0
462036000,768,764,758,772,0,0,0,0
462288000,775,763,755,781,0,0,0,0
462532000,774,767,759,780,0,0,0,0
462788000,776,768,761,780,0,0,0,0
463036000,776,771,765,778,0,0,0,0
463288000,779,766,759,784,0,0,0,0
463536000,775,766,759,779,0,0,0,0
463788000,774,766,759,778,0,0,0,0
464036000,773,768,763,775,0,0,0,0
464288000,772,759,751,776,0,0,0,0
464536000,769,762,754,774,0,0,0,0
464788000,771,763,756,775,0,0,0,0
465036000,772,767,762,774,0,0,0,0
465288000,780,768,760,785,0,0,0,0
465536000,775,768,760,780,0,0,0,0
465788000,772,764,756,776,0,0,0,0
466036000,768,764,758,771,0,0,0,0
466288000,774,762,754,779,0,0,0,0
466532000,774,766,760,779,0,0,0,0
466788000,776,767,761,781,0,0,0,0
467036000,774,770,764,777,0,0,0,0
467284000,775,764,755,780,0,0,0,0
467536000,773,764,756,776,0,0,0,0
467788000,771,763,755,775,0,0,0,0
468036000,772,767,762,775,0,0,0,0
468288000,774,762,755,780,0,0,0,0
468536000,769,760,754,773,0,0,0,0
468788000,771,763,756,776,0,0,0,0
469036000,766,763,757,770,0,0,0,0
469288000,772,761,753,778,0,0,0,0
469536000,768,761,753,773,0,0,0,0
469788000,768,760,754,773,0,0,0,0
470036000,770,766,760,773,0,0,0,0
470284000,778,767,758,783,0,0,0,0
470532000,775,768,759,779,0,0,0,0
470788000,771,763,755,775,0,0,0,0
471036000,767,764,757,770,0,0,0,0
471288000,775,763,755,781,0,0,0,0
471536000,771,762,755,775,0,0,0,0
471788000,774,766,758,779,0,0,0,0
472036000,775,770,765,778,0,0,0,0
472288000,777,766,757,783,0,0,0,0
472536000,776,768,760,781,0,0,0,0
472788000,773,765,758,778,0,0,0,0
473036000,770,764,760,773,0,0,0,0
473284000,775,763,756,781,0,0,0,0
473532000,774,766,759,778,0,0,0,0
473788000,772,763,755,776,0,0,0,0
474036000,723,734,721,734,0,0,0,0
474288000,748,738,731,753,0,0,0,0
474532000,760,753,749,765,0,0,0,0
474788000,765,750,746,770,0,0,0,0
475036000,768,763,761,771,0,0,0,0
475284000,764,763,759,765,0,0,0,0
475536000,769,764,762,769,0,0,0,0
475788000,759,754,754,759,0,0,0,0
476032000,747,748,749,748,0,0,0,0
476288000,784,794,782,795,0,0,0,0
476532000,768,771,772,767,0,0,0,0
476788000,764,764,763,765,0,0,0,0
477036000,768,768,767,768,0,0,0,0
477288000,768,769,769,768,0,0,0,0
477536000,771,772,772,771,0,0,0,0
477788000,773,771,772,773,0,0,0,0
478036000,778,776,776,778,0,0,0,0
478284000,771,771,770,771,0,0,0,0
478536000,773,773,773,773,0,0,0,0
478788000,769,769,769,769,0,0,0,0
479036000,772,772,772,772,0,0,0,0
479288000,768,768,768,768,0,0,0,0
479532000,770,770,770,770,0,0,0,0
479788000,770,769,770,769,0,0,0,0
480036000,776,776,776,775,0,0,0,0
480288000,766,765,765,766,0,0,0,0
480532000,769,768,769,768,0,0,0,0
480788000,771,771,771,770,0,0,0,0
481036000,771,770,769,770,0,0,0,0
481288000,763,763,763,762,0,0,0,0
481536000,766,765,765,765,0,0,0,0
481788000,766,766,766,766,0,0,0,0
482036000,769,769,769,770,0,0,0,0
482288000,768,769,769,768,0,0,0,0
482536000,772,772,773,773,0,0,0,0
482788000,768,769,769,769,0,0,0,0
483036000,770,771,771,770,0,0,0,0
483284000,766,766,765,766,0,0,0,0
483532000,771,771,771,771,0,0,0,0
483788000,768,770,770,768,0,0,0,0
484036000,772,771,771,771,0,0,0,0
484288000,766,766,766,766,0,0,0,0
484532000,767,769,770,767,0,0,0,0
484788000,769,769,769,770,0,0,0,0
485036000,772,771,771,772,0,0,0,0
485284000,767,767,766,766,0,0,0,0
485536000,768,768,768,768,0,0,0,0
485788000,767,767,766,766,0,0,0,0
486036000,771,771,772,770,0,0,0,0
486288000,803,803,804,802,0,0,0,0
486536000,797,797,797,797,0,0,0,0
486788000,789,789,790,789,0,0,0,0
487036000,796,790,796,791,0,0,0,0
487288000,780,778,776,781,0,0,0,0
487536000,794,794,792,794,0,0,0,0
487788000,791,794,790,791,0,0,0,0
488036000,792,792,788,792,0,0,0,0
488288000,800,792,786,804,0,0,0,0
488536000,793,794,789,797,0,0,0,0
488788000,786,781,775,790,0,0,0,0
489036000,786,779,775,787,0,0,0,0
489284000,782,751,756,772,0,0,0,0
489536000,779,770,761,785,0,0,0,0
489788000,778,770,763,782,0,0,0,0
490036000,773,769,765,775,0,0,0,0
490288000,776,765,758,781,0,0,0,0
490536000,774,766,760,778,0,0,0,0
490788000,777,769,762,781,0,0,0,0
491036000,775,770,764,777,0,0,0,0
491284000,776,765,756,781,0,0,0,0
491536000,773,765,758,777,0,0,0,0
491788000,774,765,758,778,0,0,0,0
492036000,771,767,761,775,0,0,0,0
492288000,774,762,754,779,0,0,0,0
492536000,769,760,753,773,0,0,0,0
492788000,767,760,752,772,0,0,0,0
493036000,767,763,757,770,0,0,0,0
493288000,773,761,753,779,0,0,0,0
493532000,772,765,758,777,0,0,0,0
493788000,773,764,757,777,0,0,0,0
494036000,771,766,760,773,0,0,0,0
494288000,774,762,753,779,0,0,0,0
494532000,774,766,758,778,0,0,0,0
494788000,772,763,756,776,0,0,0,0
495036000,773,768,762,775,0,0,0,0
495288000,772,760,751,777,0,0,0,0
495532000,772,765,757,777,0,0,0,0
495788000,771,763,755,776,0,0,0,0
496036000,768,763,757,771,0,0,0,0
496288000,777,766,756,783,0,0,0,0
496532000,776,767,760,780,0,0,0,0
496788000,779,770,763,784,0,0,0,0
497036000,776,771,766,779,0,0,0,0
497284000,774,762,754,780,0,0,0,0
497536000,771,763,754,776,0,0,0,0
497788000,771,763,754,776,0,0,0,0
498036000,768,764,758,771,0,0,0,0
498284000,771,760,751,777,0,0,0,0
498532000,771,762,755,775,0,0,0,0
498788000,771,762,756,775,0,0,0,0
499032000,772,763,757,776,0,0,0,0
499288000,778,766,758,783,0,0,0,0
499532000,712,729,836,857,0,0,0,0
499788000,660,658,887,899,0,0,0,0
500032000,767,756,790,810,0,0,0,0
500288000,894,890,681,702,0,0,0,0
500536000,867,875,697,716,0,0,0,0
500788000,821,821,754,764,0,0,0,0
501036000,750,768,775,782,0,0,0,0
501288000,733,748,774,798,0,0,0,0
501536000,732,758,776,788,0,0,0,0
501788000,757,791,792,784,0,0,0,0
502036000,768,771,764,771,0,0,0,0
502288000,760,784,754,772,0,0,0,0
502532000,763,782,757,769,0,0,0,0
502784000,760,784,756,776,0,0,0,0
503036000,765,772,764,767,0,0,0,0
503284000,760,783,762,780,0,0,0,0
503536000,760,779,764,776,0,0,0,0
503788000,760,776,763,774,0,0,0,0
504036000,766,774,769,770,0,0,0,0
504288000,756,781,758,777,0,0,0,0
504532000,762,779,764,775,0,0,0,0
504788000,757,775,760,770,0,0,0,0
505036000,763,773,766,768,0,0,0,0
505288000,758,783,760,778,0,0,0,0
505536000,757,775,759,771,0,0,0,0
505788000,761,778,763,774,0,0,0,0
506036000,763,772,766,767,0,0,0,0
506288000,753,778,756,773,0,0,0,0
506536000,758,776,761,771,0,0,0,0
506788000,758,775,760,771,0,0,0,0
507036000,764,773,766,769,0,0,0,0
507284000,758,783,760,778,0,0,0,0
507532000,763,781,766,776,0,0,0,0
507788000,761,780,764,775,0,0,0,0
508032000,758,777,761,772,0,0,0,0
508284000,752,776,755,772,0,0,0,0
508536000,756,774,759,771,0,0,0,0
508788000,758,776,760,772,0,0,0,0
509036000,762,771,764,765,0,0,0,0
509284000,754,778,756,773,0,0,0,0
509536000,756,775,759,770,0,0,0,0
509788000,756,774,758,769,0,0,0,0
510036000,763,773,766,767,0,0,0,0
510284000,759,783,761,779,0,0,0,0
510532000,762,778,763,774,0,0,0,0
510788000,762,781,765,775,0,0,0,0
511036000,766,775,769,770,0,0,0,0
511288000,758,781,760,777,0,0,0,0
511536000,758,775,760,771,0,0,0,0
511788000,759,777,762,773,0,0,0,0
512036000,764,773,766,769,0,0,0,0
512288000,755,780,757,775,0,0,0,0
512532000,757,774,759,769,0,0,0,0
512788000,760,777,762,773,0,0,0,0
513036000,764,773,767,770,0,0,0,0
513288000,756,782,760,777,0,0,0,0
513536000,758,776,760,772,0,0,0,0
513788000,761,779,763,774,0,0,0,0
514036000,764,773,766,768,0,0,0,0
514284000,757,779,757,776,0,0,0,0
514532000,765,771,765,769,0,0,0,0
514788000,757,791,763,783,0,0,0,0
515036000,769,781,770,778,0,0,0,0
515284000,768,785,769,782,0,0,0,0
515536000,763,776,765,773,0,0,0,0
515788000,764,775,766,774,0,0,0,0
516036000,767,775,769,772,0,0,0,0
516288000,766,777,768,775,0,0,0,0
516532000,770,776,768,777,0,0,0,0
516788000,765,775,770,771,0,0,0,0
517036000,762,771,769,765,0,0,0,0
517288000,879,888,649,643,0,0,0,0
517532000,867,874,656,665,0,0,0,0
517788000,829,838,726,733,0,0,0,0
518036000,782,773,766,775,0,0,0,0
518288000,760,770,792,786,0,0,0,0
518532000,744,784,773,793,0,0,0,0
518788000,785,782,774,782,0,0,0,0
519036000,787,779,781,769,0,0,0,0
519288000,669,684,872,883,0,0,0,0
519532000,683,687,853,855,0,0,0,0
519784000,732,749,793,815,0,0,0,0
520036000,774,789,763,756,0,0,0,0
520288000,783,810,712,767,0,0,0,0
520536000,785,801,737,748,0,0,0,0
520788000,773,790,747,759,0,0,0,0
521036000,768,775,765,765,0,0,0,0
521284000,755,778,763,780,0,0,0,0
521536000,754,772,766,778,0,0,0,0
521788000,754,771,764,774,0,0,0,0
522036000,761,769,768,769,0,0,0,0
522288000,755,780,758,776,0,0,0,0
522536000,758,776,759,770,0,0,0,0
522788000,761,778,761,772,0,0,0,0
523036000,766,774,768,769,0,0,0,0
523284000,758,782,760,778,0,0,0,0
523532000,758,776,762,771,0,0,0,0
523788000,758,775,760,771,0,0,0,0
524036000,761,770,764,766,0,0,0,0
524284000,759,783,762,779,0,0,0,0
524536000,760,778,762,774,0,0,0,0
524788000,760,777,762,773,0,0,0,0
525036000,760,769,762,764,0,0,0,0
525284000,758,782,760,778,0,0,0,0
525536000,763,782,765,777,0,0,0,0
525788000,760,779,763,774,0,0,0,0
526036000,760,769,763,765,0,0,0,0
526288000,757,781,758,777,0,0,0,0
526532000,759,777,761,773,0,0,0,0
526788000,759,778,761,773,0,0,0,0
527036000,761,769,762,765,0,0,0,0
527288000,753,778,756,773,0,0,0,0
527536000,760,779,763,774,0,0,0,0
527788000,759,778,762,773,0,0,0,0
528036000,763,772,765,768,0,0,0,0
528288000,754,779,756,774,0,0,0,0
528532000,757,774,759,770,0,0,0,0
528788000,760,778,762,775,0,0,0,0
529036000,765,774,767,770,0,0,0,0
529288000,754,779,757,775,0,0,0,0
529536000,758,776,760,773,0,0,0,0
529788000,758,776,761,772,0,0,0,0
530036000,763,772,764,767,0,0,0,0
530288000,759,783,760,778,0,0,0,0
530532000,759,777,760,772,0,0,0,0
530788000,756,774,758,770,0,0,0,0
531036000,765,773,767,769,0,0,0,0
531288000,758,784,761,780,0,0,0,0
531532000,761,779,764,774,0,0,0,0
531788000,758,776,759,772,0,0,0,0
532036000,763,772,765,767,0,0,0,0
532284000,760,784,762,780,0,0,0,0
532532000,761,779,764,774,0,0,0,0
532788000,761,778,763,775,0,0,0,0
533036000,767,776,769,771,0,0,0,0
533288000,758,783,759,778,0,0,0,0
533536000,757,775,758,770,0,0,0,0
533788000,759,776,760,772,0,0,0,0
534036000,762,771,764,767,0,0,0,0
534288000,757,782,759,778,0,0,0,0
534536000,761,779,763,775,0,0,0,0
534788000,757,774,759,770,0,0,0,0
535036000,761,769,763,765,0,0,0,0
535288000,755,779,757,775,0,0,0,0
535532000,758,775,760,770,0,0,0,0
535788000,761,778,762,774,0,0,0,0
536036000,763,771,765,767,0,0,0,0
536288000,755,780,757,775,0,0,0,0
536532000,758,775,760,771,0,0,0,0
536788000,757,774,759,770,0,0,0,0
537036000,763,771,765,767,0,0,0,0
537288000,755,780,757,776,0,0,0,0
537536000,761,779,763,775,0,0,0,0
537784000,759,786,762,782,0,0,0,0
538032000,759,777,762,773,0,0,0,0
538284000,756,779,757,776,0,0,0,0
538532000,758,776,760,772,0,0,0,0
538788000,757,775,758,771,0,0,0,0
539036000,762,770,763,766,0,0,0,0
539284000,760,784,762,779,0,0,0,0
539536000,758,774,760,770,0,0,0,0
539788000,757,774,759,771,0,0,0,0
540036000,763,771,765,767,0,0,0,0
540288000,755,780,757,776,0,0,0,0
540532000,759,776,762,772,0,0,0,0
540788000,758,776,760,772,0,0,0,0
541036000,765,773,767,769,0,0,0,0
541288000,756,781,759,776,0,0,0,0
541536000,757,776,760,771,0,0,0,0
541788000,761,779,763,774,0,0,0,0
542036000,763,771,764,767,0,0,0,0
542284000,758,782,761,778,0,0,0,0
542536000,761,777,763,773,0,0,0,0
542788000,758,776,760,772,0,0,0,0
543036000,763,772,765,768,0,0,0,0
543284000,759,783,762,779,0,0,0,0
543536000,759,777,762,773,0,0,0,0
543784000,753,780,756,775,0,0,0,0
544032000,764,773,766,769,0,0,0,0
544288000,760,784,762,780,0,0,0,0
544536000,761,779,763,775,0,0,0,0
544788000,759,777,762,772,0,0,0,0
545036000,764,773,765,768,0,0,0,0
545288000,757,781,758,776,0,0,0,0
545536000,758,776,760,772,0,0,0,0
545788000,760,777,762,774,0,0,0,0
546036000,765,773,767,769,0,0,0,0
546288000,756,782,759,777,0,0,0,0
546536000,758,776,760,772,0,0,0,0
546788000,762,780,764,776,0,0,0,0
547036000,767,776,770,771,0,0,0,0
547284000,756,781,758,776,0,0,0,0
547536000,758,776,760,772,0,0,0,0
547784000,755,781,757,777,0,0,0,0
548036000,762,771,765,767,0,0,0,0
548288000,751,776,754,772,0,0,0,0
548536000,755,773,757,769,0,0,0,0
548788000,759,777,761,772,0,0,0,0
549036000,766,775,769,771,0,0,0,0
549288000,757,781,759,778,0,0,0,0
549536000,756,774,758,769,0,0,0,0
549784000,752,779,754,775,0,0,0,0
550036000,763,772,765,767,0,0,0,0
550288000,752,776,754,772,0,0,0,0
550532000,759,776,761,772,0,0,0,0
550788000,762,779,763,775,0,0,0,0
551036000,767,775,769,771,0,0,0,0
551288000,756,780,758,776,0,0,0,0
551536000,758,776,760,772,0,0,0,0
551788000,759,777,761,772,0,0,0,0
552036000,761,770,764,765,0,0,0,0
552284000,757,780,759,776,0,0,0,0
552536000,761,778,762,774,0,0,0,0
552788000,762,779,764,775,0,0,0,0
553036000,767,776,770,772,0,0,0,0
553288000,758,782,761,778,0,0,0,0
553532000,758,775,759,771,0,0,0,0
553788000,756,774,759,769,0,0,0,0
554036000,761,770,763,765,0,0,0,0
554288000,758,783,760,778,0,0,0,0
554536000,761,779,763,775,0,0,0,0
554788000,757,776,758,770,0,0,0,0
555036000,763,773,765,768,0,0,0,0
555284000,754,778,756,774,0,0,0,0
555536000,754,772,756,768,0,0,0,0
555788000,756,774,758,770,0,0,0,0
556036000,765,773,767,769,0,0,0,0
556284000,759,782,761,779,0,0,0,0
556536000,759,777,762,773,0,0,0,0
556788000,759,777,762,773,0,0,0,0
557036000,765,773,766,769,0,0,0,0
557284000,757,782,759,777,0,0,0,0
557532000,760,777,762,773,0,0,0,0
557788000,760,777,762,773,0,0,0,0
558036000,762,770,764,767,0,0,0,0
558284000,754,778,757,774,0,0,0,0
558536000,757,774,759,771,0,0,0,0
558788000,756,773,758,769,0,0,0,0
559036000,760,769,762,764,0,0,0,0
559284000,751,775,753,770,0,0,0,0
559536000,755,774,758,769,0,0,0,0
559788000,756,774,758,771,0,0,0,0
560036000,764,773,767,769,0,0,0,0
560288000,758,783,760,778,0,0,0,0
560536000,761,779,762,773,0,0,0,0
560788000,758,775,759,770,0,0,0,0
561036000,761,770,763,765,0,0,0,0
561284000,751,775,752,771,0,0,0,0
561536000,756,774,759,770,0,0,0,0
561788000,757,775,760,772,0,0,0,0
562032000,764,781,766,777,0,0,0,0
562288000,759,784,762,780,0,0,0,0
562536000,760,778,762,774,0,0,0,0
562788000,759,777,761,773,0,0,0,0
563032000,756,774,758,770,0,0,0,0
563288000,754,778,756,774,0,0,0,0
563532000,759,775,760,772,0,0,0,0
563788000,761,779,764,775,0,0,0,0
564036000,767,776,769,772,0,0,0,0
564284000,761,785,763,781,0,0,0,0
564532000,767,784,768,779,0,0,0,0
564788000,765,782,765,777,0,0,0,0
565036000,766,776,768,771,0,0,0,0
565288000,757,781,758,777,0,0,0,0
565532000,756,774,759,770,0,0,0,0
565788000,756,774,759,770,0,0,0,0
566036000,763,772,766,767,0,0,0,0
566288000,755,779,756,775,0,0,0,0
566536000,757,776,760,771,0,0,0,0
566788000,758,775,760,771,0,0,0,0
567036000,763,771,766,767,0,0,0,0
567288000,756,780,759,776,0,0,0,0
567532000,756,773,758,769,0,0,0,0
567788000,758,776,760,772,0,0,0,0
568036000,765,774,767,769,0,0,0,0
568288000,756,781,758,777,0,0,0,0
568532000,758,776,761,772,0,0,0,0
568788000,759,777,762,773,0,0,0,0
569036000,763,772,765,767,0,0,0,0
569288000,754,778,756,774,0,0,0,0
569536000,759,778,762,773,0,0,0,0
569788000,762,780,765,776,0,0,0,0
570036000,763,772,766,768,0,0,0,0
570288000,758,782,760,778,0,0,0,0
570532000,758,776,760,770,0,0,0,0
570788000,759,777,760,772,0,0,0,0
571036000,764,772,764,767,0,0,0,0
571288000,759,783,761,779,0,0,0,0
571532000,760,777,763,774,0,0,0,0
571788000,754,772,757,769,0,0,0,0
572036000,758,766,760,763,0,0,0,0
572288000,755,780,758,776,0,0,0,0
572536000,760,779,763,774,0,0,0,0
572788000,759,778,761,773,0,0,0,0
573036000,766,774,768,770,0,0,0,0
573288000,755,780,758,775,0,0,0,0
573532000,759,777,761,772,0,0,0,0
573788000,759,778,761,773,0,0,0,0
574036000,764,772,766,768,0,0,0,0
574288000,754,779,757,775,0,0,0,0
574532000,757,774,759,771,0,0,0,0
574788000,758,776,760,771,0,0,0,0
575036000,763,771,765,767,0,0,0,0
575284000,756,781,758,776,0,0,0,0
575532000,760,777,762,772,0,0,0,0
575788000,759,777,761,773,0,0,0,0
576036000,763,772,766,768,0,0,0,0
576284000,759,784,762,779,0,0,0,0
576532000,763,779,764,775,0,0,0,0
576788000,760,778,763,775,0,0,0,0
577036000,762,770,764,766,0,0,0,0
577288000,755,780,757,776,0,0,0,0
577536000,760,777,761,773,0,0,0,0
577788000,758,776,760,772,0,0,0,0
578036000,762,771,765,766,0,0,0,0
578284000,758,781,759,777,0,0,0,0
578536000,760,777,762,774,0,0,0,0
578788000,757,774,760,771,0,0,0,0
579036000,760,768,762,764,0,0,0,0
579288000,755,779,757,775,0,0,0,0
579536000,761,779,763,775,0,0,0,0
579788000,759,777,760,772,0,0,0,0
580036000,763,771,764,767,0,0,0,0
580288000,755,779,756,775,0,0,0,0
580532000,758,775,761,771,0,0,0,0
580788000,762,779,764,776,0,0,0,0
581036000,768,776,770,773,0,0,0,0
581284000,759,782,760,778,0,0,0,0
581536000,760,778,762,774,0,0,0,0
581788000,762,780,764,776,0,0,0,0
582036000,764,773,766,768,0,0,0,0
582288000,754,779,756,774,0,0,0,0
582536000,757,774,759,770,0,0,0,0
582788000,754,772,756,768,0,0,0,0
583036000,765,774,767,769,0,0,0,0
583288000,755,780,758,775,0,0,0,0
583536000,756,774,758,770,0,0,0,0
583788000,758,776,760,772,0,0,0,0
584036000,764,772,767,769,0,0,0,0
584288000,757,781,759,777,0,0,0,0
584532000,759,776,760,772,0,0,0,0
584788000,758,776,760,771,0,0,0,0
585036000,764,773,766,768,0,0,0,0
585288000,757,782,759,777,0,0,0,0
585536000,760,779,762,774,0,0,0,0
585788000,761,779,763,775,0,0,0,0
586036000,765,774,768,770,0,0,0,0
586288000,754,778,756,773,0,0,0,0
586536000,758,776,760,772,0,0,0,0
586788000,759,777,762,773,0,0,0,0
587036000,761,770,763,765,0,0,0,0
587288000,753,777,754,772,0,0,0,0
587536000,760,778,762,774,0,0,0,0
587788000,762,780,764,776,0,0,0,0
588036000,768,776,770,772,0,0,0,0
588284000,757,781,759,778,0,0,0,0
588532000,758,775,760,771,0,0,0,0
588788000,758,777,761,772,0,0,0,0
589036000,761,770,763,765,0,0,0,0
589288000,754,777,755,774,0,0,0,0
589536000,756,774,757,769,0,0,0,0
589788000,760,778,763,774,0,0,0,0
590036000,766,775,769,771,0,0,0,0
590288000,756,781,759,776,0,0,0,0
590532000,760,777,762,773,0,0,0,0
590788000,759,777,760,772,0,0,0,0
591036000,763,773,765,767,0,0,0,0
591288000,750,775,752,770,0,0,0,0
591536000,756,774,759,770,0,0,0,0
591788000,758,776,760,771,0,0,0,0
592036000,766,775,768,771,0,0,0,0
592288000,756,780,758,776,0,0,0,0
592532000,760,777,762,774,0,0,0,0
592784000,753,780,756,776,0,0,0,0
593036000,764,772,766,769,0,0,0,0
593284000,757,781,760,777,0,0,0,0
593536000,763,782,765,777,0,0,0,0
593788000,760,778,762,774,0,0,0,0
594036000,764,773,767,768,0,0,0,0
594288000,760,784,762,780,0,0,0,0
594536000,761,779,763,775,0,0,0,0
594788000,757,774,758,770,0,0,0,0
595036000,757,767,759,762,0,0,0,0
595288000,752,777,754,773,0,0,0,0
595536000,758,776,760,772,0,0,0,0
595788000,755,772,757,769,0,0,0,0
596036000,761,770,764,766,0,0,0,0
596288000,752,776,754,772,0,0,0,0
596532000,758,775,759,770,0,0,0,0
596788000,762,781,764,776,0,0,0,0
597036000,768,776,769,772,0,0,0,0
597288000,759,783,761,779,0,0,0,0
597536000,756,774,758,770,0,0,0,0
597788000,756,775,759,771,0,0,0,0
598036000,762,771,765,766,0,0,0,0
598288000,752,777,754,772,0,0,0,0
598536000,757,775,758,770,0,0,0,0
598788000,761,779,763,775,0,0,0,0
599036000,765,774,767,769,0,0,0,0
599284000,759,783,761,778,0,0,0,0
599532000,761,778,763,774,0,0,0,0
599788000,763,781,766,778,0,0,0,0
600032000,764,782,768,778,0,0,0,0
600288000,757,782,760,778,0,0,0,0
600532000,759,776,761,772,0,0,0,0
600788000,758,776,760,771,0,0,0,0
601036000,760,769,762,763,0,0,0,0
601284000,753,777,755,772,0,0,0,0
601536000,757,775,758,770,0,0,0,0
601788000,756,774,757,769,0,0,0,0
602036000,763,772,766,768,0,0,0,0
602284000,756,780,759,776,0,0,0,0
602536000,755,773,758,769,0,0,0,0
602788000,754,772,756,767,0,0,0,0
603036000,762,771,763,766,0,0,0,0
603288000,756,779,757,774,0,0,0,0
603536000,759,777,761,772,0,0,0,0
603788000,757,775,759,772,0,0,0,0
604036000,765,772,768,767,0,0,0,0
604288000,758,782,760,778,0,0,0,0
604532000,762,779,764,775,0,0,0,0
604784000,756,782,759,778,0,0,0,0
605036000,765,773,767,770,0,0,0,0
605284000,756,781,759,777,0,0,0,0
605532000,758,776,761,771,0,0,0,0
605788000,758,776,760,771,0,0,0,0
606036000,763,771,765,767,0,0,0,0
606288000,759,784,761,779,0,0,0,0
606536000,761,779,762,774,0,0,0,0
606788000,756,774,758,770,0,0,0,0
607036000,761,770,764,766,0,0,0,0
607284000,756,780,758,776,0,0,0,0
607536000,759,778,761,773,0,0,0,0
607788000,761,779,762,775,0,0,0,0
608036000,764,773,766,768,0,0,0,0
608284000,754,778,756,775,0,0,0,0
608532000,760,778,763,774,0,0,0,0
608788000,763,781,765,776,0,0,0,0
609036000,764,773,766,769,0,0,0,0
609284000,753,777,755,773,0,0,0,0
609532000,756,773,758,769,0,0,0,0
609788000,759,777,761,773,0,0,0,0
610036000,763,772,766,768,0,0,0,0
610284000,753,778,756,773,0,0,0,0
610532000,757,774,759,769,0,0,0,0
610788000,759,778,762,773,0,0,0,0
611036000,764,773,765,768,0,0,0,0
611288000,755,779,756,775,0,0,0,0
611532000,759,776,761,772,0,0,0,0
611788000,758,776,760,772,0,0,0,0
612036000,765,773,766,769,0,0,0,0
612288000,754,779,757,775,0,0,0,0
612532000,760,778,762,774,0,0,0,0
612784000,757,783,759,779,0,0,0,0
613036000,763,772,765,768,0,0,0,0
613284000,761,784,762,780,0,0,0,0
613536000,761,778,762,774,0,0,0,0
613788000,758,775,760,771,0,0,0,0
614036000,761,769,763,765,0,0,0,0
614288000,759,783,761,779,0,0,0,0
614532000,759,777,762,772,0,0,0,0
614788000,760,776,760,772,0,0,0,0
615036000,763,772,765,767,0,0,0,0
615284000,756,780,759,776,0,0,0,0
615532000,758,776,762,772,0,0,0,0
615788000,758,776,760,773,0,0,0,0
616036000,761,770,763,765,0,0,0,0
616288000,757,782,759,777,0,0,0,0
616536000,760,778,761,773,0,0,0,0
616788000,758,775,760,771,0,0,0,0
617036000,767,775,769,771,0,0,0,0
617288000,758,782,760,778,0,0,0,0
617536000,757,774,759,770,0,0,0,0
617788000,757,775,759,770,0,0,0,0
618036000,761,770,763,765,0,0,0,0
618288000,755,780,757,775,0,0,0,0
618536000,758,776,759,772,0,0,0,0
618788000,758,777,761,772,0,0,0,0
619036000,767,776,769,772,0,0,0,0
619288000,757,781,759,778,0,0,0,0
619536000,757,775,759,771,0,0,0,0
619788000,755,774,758,769,0,0,0,0
620036000,762,770,764,766,0,0,0,0
620284000,756,780,758,775,0,0,0,0
620532000,760,776,761,772,0,0,0,0
620788000,761,781,765,776,0,0,0,0
621036000,766,774,768,769,0,0,0,0
621288000,754,778,756,774,0,0,0,0
621532000,759,776,760,772,0,0,0,0
621788000,760,778,762,774,0,0,0,0
622036000,768,776,770,772,0,0,0,0
622288000,761,785,763,781,0,0,0,0
622532000,761,779,763,774,0,0,0,0
622788000,762,780,764,775,0,0,0,0
623032000,760,776,761,772,0,0,0,0
623288000,753,778,756,774,0,0,0,0
623532000,757,775,760,771,0,0,0,0
623788000,757,775,759,771,0,0,0,0
624036000,761,770,763,765,0,0,0,0
624284000,753,777,755,773,0,0,0,0
624536000,754,772,757,768,0,0,0,0
624788000,757,775,759,770,0,0,0,0
625036000,765,773,766,769,0,0,0,0
625288000,758,782,759,778,0,0,0,0
625536000,761,779,763,775,0,0,0,0
625788000,760,778,762,774,0,0,0,0
626036000,762,772,765,767,0,0,0,0
626284000,762,786,764,781,0,0,0,0
626532000,765,781,767,778,0,0,0,0
626784000,757,784,760,780,0,0,0,0
627036000,765,773,767,769,0,0,0,0
627284000,756,779,758,775,0,0,0,0
627536000,759,777,762,773,0,0,0,0
627788000,762,779,765,776,0,0,0,0
628036000,761,771,764,766,0,0,0,0
628288000,751,776,753,771,0,0,0,0
628536000,755,773,756,768,0,0,0,0
628788000,756,774,758,769,0,0,0,0
629036000,762,770,764,766,0,0,0,0
629288000,756,780,758,776,0,0,0,0
629532000,759,776,761,771,0,0,0,0
629788000,757,774,758,770,0,0,0,0
630036000,765,773,767,769,0,0,0,0
630288000,759,784,762,779,0,0,0,0
630536000,761,778,763,775,0,0,0,0
630788000,759,776,762,773,0,0,0,0
631036000,764,773,766,768,0,0,0,0
631288000,758,782,760,778,0,0,0,0
631536000,758,776,760,772,0,0,0,0
631784000,753,779,756,775,0,0,0,0
632036000,762,770,763,765,0,0,0,0
632288000,755,780,757,776,0,0,0,0
632532000,756,773,759,770,0,0,0,0
632784000,754,773,756,768,0,0,0,0
633036000,761,770,763,765,0,0,0,0
633288000,756,781,758,776,0,0,0,0
633536000,758,777,760,772,0,0,0,0
633788000,756,774,757,769,0,0,0,0
634036000,757,765,759,762,0,0,0,0
634288000,754,779,758,774,0,0,0,0
634536000,759,778,762,774,0,0,0,0
634788000,762,779,764,775,0,0,0,0
635036000,766,774,767,769,0,0,0,0
635284000,756,780,758,775,0,0,0,0
635532000,759,777,761,772,0,0,0,0
635788000,760,777,761,774,0,0,0,0
636036000,764,773,767,769,0,0,0,0
636284000,758,782,760,777,0,0,0,0
636532000,760,776,761,772,0,0,0,0
636784000,760,786,761,781,0,0,0,0
637036000,770,778,772,774,0,0,0,0
637284000,755,778,758,775,0,0,0,0
637532000,756,774,759,769,0,0,0,0
637788000,761,778,763,775,0,0,0,0
638036000,764,773,767,768,0,0,0,0
638284000,756,780,758,775,0,0,0,0
638532000,758,776,760,771,0,0,0,0
638788000,755,774,757,769,0,0,0,0
639036000,760,769,762,765,0,0,0,0
639288000,753,777,755,774,0,0,0,0
639536000,757,776,760,771,0,0,0,0
639788000,760,779,763,776,0,0,0,0
640036000,764,773,767,769,0,0,0,0
640288000,755,780,758,776,0,0,0,0
640536000,759,777,762,773,0,0,0,0
640788000,761,780,764,774,0,0,0,0
641036000,766,775,767,769,0,0,0,0
641288000,756,780,757,775,0,0,0,0
641532000,758,774,759,770,0,0,0,0
641788000,759,777,760,773,0,0,0,0
642036000,764,772,766,768,0,0,0,0
642288000,760,784,762,781,0,0,0,0
642536000,758,776,761,773,0,0,0,0
642788000,758,776,761,773,0,0,0,0
643036000,765,773,767,769,0,0,0,0
643288000,756,780,757,775,0,0,0,0
643532000,758,775,758,769,0,0,0,0
643788000,758,775,758,771,0,0,0,0
644036000,760,768,763,764,0,0,0,0
644288000,755,780,758,776,0,0,0,0
644532000,755,773,758,769,0,0,0,0
644788000,756,774,759,771,0,0,0,0
645036000,765,774,769,770,0,0,0,0
645284000,757,781,759,777,0,0,0,0
645536000,760,778,761,772,0,0,0,0
645788000,764,781,764,775,0,0,0,0
646036000,766,775,767,770,0,0,0,0
646284000,757,782,760,777,0,0,0,0
646532000,758,776,761,772,0,0,0,0
646788000,759,777,762,774,0,0,0,0
647036000,762,771,764,767,0,0,0,0
647284000,755,779,757,775,0,0,0,0
647532000,759,777,761,772,0,0,0,0
647788000,758,775,760,772,0,0,0,0
648036000,763,771,766,768,0,0,0,0
648288000,757,782,760,778,0,0,0,0
648536000,761,779,763,775,0,0,0,0
648788000,757,775,758,770,0,0,0,0
649036000,760,769,763,765,0,0,0,0
649288000,756,780,759,777,0,0,0,0
649532000,757,775,758,769,0,0,0,0
649788000,758,775,756,768,0,0,0,0
650036000,762,770,760,763,0,0,0,0
650284000,756,780,756,774,0,0,0,0
650536000,760,777,759,771,0,0,0,0
650788000,764,767,766,764,0,0,0,0
